budget_cap,budget_fraction,case_id,completed_orientation_actions,condition,controller_output,data_seed,eliminated_orientation_count,experiment_id,logical_queries,logical_query_fraction,lower,lower_bound,oracle_diameter,oracle_label,output,partial_orientation_at_boundary,profile,queried_survivor_count,queries,query_fraction,replicate,split_seed,structurally_safe,trace_sha256,truth_radius,truth_wrong_fine,truth_wrong_sector,upper,upper_bound
102,0.1,LOW_INFORMATION_F0/SEED_01,1,LOW_INFORMATION_F0,AMBIGUOUS,2026080111,0,LA1_3_ARA_B1,1,0.000975609756097561,0.22118861442967133,0.22118861442967133,,,AMBIGUOUS,False,RISK_CONSERVATIVE,1,1,0.000975609756097561,1,9026080111,,661fd55fa5bfe32a8f9244de93c62eee3a71df3f0b293c4a861372e390262761,,,,0.22118861442967133,0.22118861442967133
205,0.2,LOW_INFORMATION_F0/SEED_01,1,LOW_INFORMATION_F0,AMBIGUOUS,2026080111,0,LA1_3_ARA_B1,1,0.000975609756097561,0.22118861442967133,0.22118861442967133,,,AMBIGUOUS,False,RISK_CONSERVATIVE,1,1,0.000975609756097561,1,9026080111,,661fd55fa5bfe32a8f9244de93c62eee3a71df3f0b293c4a861372e390262761,,,,0.22118861442967133,0.22118861442967133
358,0.35,LOW_INFORMATION_F0/SEED_01,1,LOW_INFORMATION_F0,AMBIGUOUS,2026080111,0,LA1_3_ARA_B1,1,0.000975609756097561,0.22118861442967133,0.22118861442967133,,,AMBIGUOUS,False,RISK_CONSERVATIVE,1,1,0.000975609756097561,1,9026080111,,661fd55fa5bfe32a8f9244de93c62eee3a71df3f0b293c4a861372e390262761,,,,0.22118861442967133,0.22118861442967133
512,0.5,LOW_INFORMATION_F0/SEED_01,1,LOW_INFORMATION_F0,AMBIGUOUS,2026080111,0,LA1_3_ARA_B1,1,0.000975609756097561,0.22118861442967133,0.22118861442967133,,,AMBIGUOUS,False,RISK_CONSERVATIVE,1,1,0.000975609756097561,1,9026080111,,661fd55fa5bfe32a8f9244de93c62eee3a71df3f0b293c4a861372e390262761,,,,0.22118861442967133,0.22118861442967133
768,0.75,LOW_INFORMATION_F0/SEED_01,1,LOW_INFORMATION_F0,AMBIGUOUS,2026080111,0,LA1_3_ARA_B1,1,0.000975609756097561,0.22118861442967133,0.22118861442967133,,,AMBIGUOUS,False,RISK_CONSERVATIVE,1,1,0.000975609756097561,1,9026080111,,661fd55fa5bfe32a8f9244de93c62eee3a71df3f0b293c4a861372e390262761,,,,0.22118861442967133,0.22118861442967133
1025,1.0,LOW_INFORMATION_F0/SEED_01,1,LOW_INFORMATION_F0,AMBIGUOUS,2026080111,0,LA1_3_ARA_B1,1,0.000975609756097561,0.22118861442967133,0.22118861442967133,,,AMBIGUOUS,False,RISK_CONSERVATIVE,1,1,0.000975609756097561,1,9026080111,,661fd55fa5bfe32a8f9244de93c62eee3a71df3f0b293c4a861372e390262761,,,,0.22118861442967133,0.22118861442967133
102,0.1,LOW_INFORMATION_F0/SEED_01,1,LOW_INFORMATION_F0,AMBIGUOUS,2026080111,0,LA1_3_ARA_B1,1,0.000975609756097561,0.22118861442967133,0.22118861442967133,,,AMBIGUOUS,False,BALANCED,1,1,0.000975609756097561,1,9026080111,,bc4596e41376411a1a2bd6f58d41abb1528b56f73e7357fbb5e8e4117464b6bd,,,,0.22118861442967133,0.22118861442967133
205,0.2,LOW_INFORMATION_F0/SEED_01,1,LOW_INFORMATION_F0,AMBIGUOUS,2026080111,0,LA1_3_ARA_B1,1,0.000975609756097561,0.22118861442967133,0.22118861442967133,,,AMBIGUOUS,False,BALANCED,1,1,0.000975609756097561,1,9026080111,,bc4596e41376411a1a2bd6f58d41abb1528b56f73e7357fbb5e8e4117464b6bd,,,,0.22118861442967133,0.22118861442967133
358,0.35,LOW_INFORMATION_F0/SEED_01,1,LOW_INFORMATION_F0,AMBIGUOUS,2026080111,0,LA1_3_ARA_B1,1,0.000975609756097561,0.22118861442967133,0.22118861442967133,,,AMBIGUOUS,False,BALANCED,1,1,0.000975609756097561,1,9026080111,,bc4596e41376411a1a2bd6f58d41abb1528b56f73e7357fbb5e8e4117464b6bd,,,,0.22118861442967133,0.22118861442967133
512,0.5,LOW_INFORMATION_F0/SEED_01,1,LOW_INFORMATION_F0,AMBIGUOUS,2026080111,0,LA1_3_ARA_B1,1,0.000975609756097561,0.22118861442967133,0.22118861442967133,,,AMBIGUOUS,False,BALANCED,1,1,0.000975609756097561,1,9026080111,,bc4596e41376411a1a2bd6f58d41abb1528b56f73e7357fbb5e8e4117464b6bd,,,,0.22118861442967133,0.22118861442967133
768,0.75,LOW_INFORMATION_F0/SEED_01,1,LOW_INFORMATION_F0,AMBIGUOUS,2026080111,0,LA1_3_ARA_B1,1,0.000975609756097561,0.22118861442967133,0.22118861442967133,,,AMBIGUOUS,False,BALANCED,1,1,0.000975609756097561,1,9026080111,,bc4596e41376411a1a2bd6f58d41abb1528b56f73e7357fbb5e8e4117464b6bd,,,,0.22118861442967133,0.22118861442967133
1025,1.0,LOW_INFORMATION_F0/SEED_01,1,LOW_INFORMATION_F0,AMBIGUOUS,2026080111,0,LA1_3_ARA_B1,1,0.000975609756097561,0.22118861442967133,0.22118861442967133,,,AMBIGUOUS,False,BALANCED,1,1,0.000975609756097561,1,9026080111,,bc4596e41376411a1a2bd6f58d41abb1528b56f73e7357fbb5e8e4117464b6bd,,,,0.22118861442967133,0.22118861442967133
102,0.1,LOW_INFORMATION_F0/SEED_01,1,LOW_INFORMATION_F0,AMBIGUOUS,2026080111,0,LA1_3_ARA_B1,1,0.000975609756097561,0.22118861442967133,0.22118861442967133,,,AMBIGUOUS,False,RESOLUTION_FAVORING,1,1,0.000975609756097561,1,9026080111,,663c10ee69489eb5680a66119e4ae43f802224822920e693dac8399103e5e0cc,,,,0.22118861442967133,0.22118861442967133
205,0.2,LOW_INFORMATION_F0/SEED_01,1,LOW_INFORMATION_F0,AMBIGUOUS,2026080111,0,LA1_3_ARA_B1,1,0.000975609756097561,0.22118861442967133,0.22118861442967133,,,AMBIGUOUS,False,RESOLUTION_FAVORING,1,1,0.000975609756097561,1,9026080111,,663c10ee69489eb5680a66119e4ae43f802224822920e693dac8399103e5e0cc,,,,0.22118861442967133,0.22118861442967133
358,0.35,LOW_INFORMATION_F0/SEED_01,1,LOW_INFORMATION_F0,AMBIGUOUS,2026080111,0,LA1_3_ARA_B1,1,0.000975609756097561,0.22118861442967133,0.22118861442967133,,,AMBIGUOUS,False,RESOLUTION_FAVORING,1,1,0.000975609756097561,1,9026080111,,663c10ee69489eb5680a66119e4ae43f802224822920e693dac8399103e5e0cc,,,,0.22118861442967133,0.22118861442967133
512,0.5,LOW_INFORMATION_F0/SEED_01,1,LOW_INFORMATION_F0,AMBIGUOUS,2026080111,0,LA1_3_ARA_B1,1,0.000975609756097561,0.22118861442967133,0.22118861442967133,,,AMBIGUOUS,False,RESOLUTION_FAVORING,1,1,0.000975609756097561,1,9026080111,,663c10ee69489eb5680a66119e4ae43f802224822920e693dac8399103e5e0cc,,,,0.22118861442967133,0.22118861442967133
768,0.75,LOW_INFORMATION_F0/SEED_01,1,LOW_INFORMATION_F0,AMBIGUOUS,2026080111,0,LA1_3_ARA_B1,1,0.000975609756097561,0.22118861442967133,0.22118861442967133,,,AMBIGUOUS,False,RESOLUTION_FAVORING,1,1,0.000975609756097561,1,9026080111,,663c10ee69489eb5680a66119e4ae43f802224822920e693dac8399103e5e0cc,,,,0.22118861442967133,0.22118861442967133
1025,1.0,LOW_INFORMATION_F0/SEED_01,1,LOW_INFORMATION_F0,AMBIGUOUS,2026080111,0,LA1_3_ARA_B1,1,0.000975609756097561,0.22118861442967133,0.22118861442967133,,,AMBIGUOUS,False,RESOLUTION_FAVORING,1,1,0.000975609756097561,1,9026080111,,663c10ee69489eb5680a66119e4ae43f802224822920e693dac8399103e5e0cc,,,,0.22118861442967133,0.22118861442967133
102,0.1,LOW_INFORMATION_F0/SEED_02,1,LOW_INFORMATION_F0,AMBIGUOUS,2026080112,0,LA1_3_ARA_B1,1,0.000975609756097561,0.22118861442967133,0.22118861442967133,,,AMBIGUOUS,False,RISK_CONSERVATIVE,1,1,0.000975609756097561,2,9026080112,,b0d5b24e5b2f22ce4707d21a65a00db7b1ec934490f6a6755ac73376d5aec6fc,,,,0.22118861442967133,0.22118861442967133
205,0.2,LOW_INFORMATION_F0/SEED_02,1,LOW_INFORMATION_F0,AMBIGUOUS,2026080112,0,LA1_3_ARA_B1,1,0.000975609756097561,0.22118861442967133,0.22118861442967133,,,AMBIGUOUS,False,RISK_CONSERVATIVE,1,1,0.000975609756097561,2,9026080112,,b0d5b24e5b2f22ce4707d21a65a00db7b1ec934490f6a6755ac73376d5aec6fc,,,,0.22118861442967133,0.22118861442967133
358,0.35,LOW_INFORMATION_F0/SEED_02,1,LOW_INFORMATION_F0,AMBIGUOUS,2026080112,0,LA1_3_ARA_B1,1,0.000975609756097561,0.22118861442967133,0.22118861442967133,,,AMBIGUOUS,False,RISK_CONSERVATIVE,1,1,0.000975609756097561,2,9026080112,,b0d5b24e5b2f22ce4707d21a65a00db7b1ec934490f6a6755ac73376d5aec6fc,,,,0.22118861442967133,0.22118861442967133
512,0.5,LOW_INFORMATION_F0/SEED_02,1,LOW_INFORMATION_F0,AMBIGUOUS,2026080112,0,LA1_3_ARA_B1,1,0.000975609756097561,0.22118861442967133,0.22118861442967133,,,AMBIGUOUS,False,RISK_CONSERVATIVE,1,1,0.000975609756097561,2,9026080112,,b0d5b24e5b2f22ce4707d21a65a00db7b1ec934490f6a6755ac73376d5aec6fc,,,,0.22118861442967133,0.22118861442967133
768,0.75,LOW_INFORMATION_F0/SEED_02,1,LOW_INFORMATION_F0,AMBIGUOUS,2026080112,0,LA1_3_ARA_B1,1,0.000975609756097561,0.22118861442967133,0.22118861442967133,,,AMBIGUOUS,False,RISK_CONSERVATIVE,1,1,0.000975609756097561,2,9026080112,,b0d5b24e5b2f22ce4707d21a65a00db7b1ec934490f6a6755ac73376d5aec6fc,,,,0.22118861442967133,0.22118861442967133
1025,1.0,LOW_INFORMATION_F0/SEED_02,1,LOW_INFORMATION_F0,AMBIGUOUS,2026080112,0,LA1_3_ARA_B1,1,0.000975609756097561,0.22118861442967133,0.22118861442967133,,,AMBIGUOUS,False,RISK_CONSERVATIVE,1,1,0.000975609756097561,2,9026080112,,b0d5b24e5b2f22ce4707d21a65a00db7b1ec934490f6a6755ac73376d5aec6fc,,,,0.22118861442967133,0.22118861442967133
102,0.1,LOW_INFORMATION_F0/SEED_02,1,LOW_INFORMATION_F0,AMBIGUOUS,2026080112,0,LA1_3_ARA_B1,1,0.000975609756097561,0.22118861442967133,0.22118861442967133,,,AMBIGUOUS,False,BALANCED,1,1,0.000975609756097561,2,9026080112,,97ccb2fa4d6b31e1140f08658369c3cce105f538a611815348b6522fd505c4ab,,,,0.22118861442967133,0.22118861442967133
205,0.2,LOW_INFORMATION_F0/SEED_02,1,LOW_INFORMATION_F0,AMBIGUOUS,2026080112,0,LA1_3_ARA_B1,1,0.000975609756097561,0.22118861442967133,0.22118861442967133,,,AMBIGUOUS,False,BALANCED,1,1,0.000975609756097561,2,9026080112,,97ccb2fa4d6b31e1140f08658369c3cce105f538a611815348b6522fd505c4ab,,,,0.22118861442967133,0.22118861442967133
358,0.35,LOW_INFORMATION_F0/SEED_02,1,LOW_INFORMATION_F0,AMBIGUOUS,2026080112,0,LA1_3_ARA_B1,1,0.000975609756097561,0.22118861442967133,0.22118861442967133,,,AMBIGUOUS,False,BALANCED,1,1,0.000975609756097561,2,9026080112,,97ccb2fa4d6b31e1140f08658369c3cce105f538a611815348b6522fd505c4ab,,,,0.22118861442967133,0.22118861442967133
512,0.5,LOW_INFORMATION_F0/SEED_02,1,LOW_INFORMATION_F0,AMBIGUOUS,2026080112,0,LA1_3_ARA_B1,1,0.000975609756097561,0.22118861442967133,0.22118861442967133,,,AMBIGUOUS,False,BALANCED,1,1,0.000975609756097561,2,9026080112,,97ccb2fa4d6b31e1140f08658369c3cce105f538a611815348b6522fd505c4ab,,,,0.22118861442967133,0.22118861442967133
768,0.75,LOW_INFORMATION_F0/SEED_02,1,LOW_INFORMATION_F0,AMBIGUOUS,2026080112,0,LA1_3_ARA_B1,1,0.000975609756097561,0.22118861442967133,0.22118861442967133,,,AMBIGUOUS,False,BALANCED,1,1,0.000975609756097561,2,9026080112,,97ccb2fa4d6b31e1140f08658369c3cce105f538a611815348b6522fd505c4ab,,,,0.22118861442967133,0.22118861442967133
1025,1.0,LOW_INFORMATION_F0/SEED_02,1,LOW_INFORMATION_F0,AMBIGUOUS,2026080112,0,LA1_3_ARA_B1,1,0.000975609756097561,0.22118861442967133,0.22118861442967133,,,AMBIGUOUS,False,BALANCED,1,1,0.000975609756097561,2,9026080112,,97ccb2fa4d6b31e1140f08658369c3cce105f538a611815348b6522fd505c4ab,,,,0.22118861442967133,0.22118861442967133
102,0.1,LOW_INFORMATION_F0/SEED_02,1,LOW_INFORMATION_F0,AMBIGUOUS,2026080112,0,LA1_3_ARA_B1,1,0.000975609756097561,0.22118861442967133,0.22118861442967133,,,AMBIGUOUS,False,RESOLUTION_FAVORING,1,1,0.000975609756097561,2,9026080112,,664517d3bb98478d77fc8ef03223226e9051cd9cf0c53a95094674e8175a912f,,,,0.22118861442967133,0.22118861442967133
205,0.2,LOW_INFORMATION_F0/SEED_02,1,LOW_INFORMATION_F0,AMBIGUOUS,2026080112,0,LA1_3_ARA_B1,1,0.000975609756097561,0.22118861442967133,0.22118861442967133,,,AMBIGUOUS,False,RESOLUTION_FAVORING,1,1,0.000975609756097561,2,9026080112,,664517d3bb98478d77fc8ef03223226e9051cd9cf0c53a95094674e8175a912f,,,,0.22118861442967133,0.22118861442967133
358,0.35,LOW_INFORMATION_F0/SEED_02,1,LOW_INFORMATION_F0,AMBIGUOUS,2026080112,0,LA1_3_ARA_B1,1,0.000975609756097561,0.22118861442967133,0.22118861442967133,,,AMBIGUOUS,False,RESOLUTION_FAVORING,1,1,0.000975609756097561,2,9026080112,,664517d3bb98478d77fc8ef03223226e9051cd9cf0c53a95094674e8175a912f,,,,0.22118861442967133,0.22118861442967133
512,0.5,LOW_INFORMATION_F0/SEED_02,1,LOW_INFORMATION_F0,AMBIGUOUS,2026080112,0,LA1_3_ARA_B1,1,0.000975609756097561,0.22118861442967133,0.22118861442967133,,,AMBIGUOUS,False,RESOLUTION_FAVORING,1,1,0.000975609756097561,2,9026080112,,664517d3bb98478d77fc8ef03223226e9051cd9cf0c53a95094674e8175a912f,,,,0.22118861442967133,0.22118861442967133
768,0.75,LOW_INFORMATION_F0/SEED_02,1,LOW_INFORMATION_F0,AMBIGUOUS,2026080112,0,LA1_3_ARA_B1,1,0.000975609756097561,0.22118861442967133,0.22118861442967133,,,AMBIGUOUS,False,RESOLUTION_FAVORING,1,1,0.000975609756097561,2,9026080112,,664517d3bb98478d77fc8ef03223226e9051cd9cf0c53a95094674e8175a912f,,,,0.22118861442967133,0.22118861442967133
1025,1.0,LOW_INFORMATION_F0/SEED_02,1,LOW_INFORMATION_F0,AMBIGUOUS,2026080112,0,LA1_3_ARA_B1,1,0.000975609756097561,0.22118861442967133,0.22118861442967133,,,AMBIGUOUS,False,RESOLUTION_FAVORING,1,1,0.000975609756097561,2,9026080112,,664517d3bb98478d77fc8ef03223226e9051cd9cf0c53a95094674e8175a912f,,,,0.22118861442967133,0.22118861442967133
102,0.1,LOW_INFORMATION_F0/SEED_03,1,LOW_INFORMATION_F0,AMBIGUOUS,2026080113,0,LA1_3_ARA_B1,1,0.000975609756097561,0.22118861442967133,0.22118861442967133,,,AMBIGUOUS,False,RISK_CONSERVATIVE,1,1,0.000975609756097561,3,9026080113,,c172140bebd451a59eb81ba95c211a8522d42c2d1e6081ecb53abbd299fccc8e,,,,0.22118861442967133,0.22118861442967133
205,0.2,LOW_INFORMATION_F0/SEED_03,1,LOW_INFORMATION_F0,AMBIGUOUS,2026080113,0,LA1_3_ARA_B1,1,0.000975609756097561,0.22118861442967133,0.22118861442967133,,,AMBIGUOUS,False,RISK_CONSERVATIVE,1,1,0.000975609756097561,3,9026080113,,c172140bebd451a59eb81ba95c211a8522d42c2d1e6081ecb53abbd299fccc8e,,,,0.22118861442967133,0.22118861442967133
358,0.35,LOW_INFORMATION_F0/SEED_03,1,LOW_INFORMATION_F0,AMBIGUOUS,2026080113,0,LA1_3_ARA_B1,1,0.000975609756097561,0.22118861442967133,0.22118861442967133,,,AMBIGUOUS,False,RISK_CONSERVATIVE,1,1,0.000975609756097561,3,9026080113,,c172140bebd451a59eb81ba95c211a8522d42c2d1e6081ecb53abbd299fccc8e,,,,0.22118861442967133,0.22118861442967133
512,0.5,LOW_INFORMATION_F0/SEED_03,1,LOW_INFORMATION_F0,AMBIGUOUS,2026080113,0,LA1_3_ARA_B1,1,0.000975609756097561,0.22118861442967133,0.22118861442967133,,,AMBIGUOUS,False,RISK_CONSERVATIVE,1,1,0.000975609756097561,3,9026080113,,c172140bebd451a59eb81ba95c211a8522d42c2d1e6081ecb53abbd299fccc8e,,,,0.22118861442967133,0.22118861442967133
768,0.75,LOW_INFORMATION_F0/SEED_03,1,LOW_INFORMATION_F0,AMBIGUOUS,2026080113,0,LA1_3_ARA_B1,1,0.000975609756097561,0.22118861442967133,0.22118861442967133,,,AMBIGUOUS,False,RISK_CONSERVATIVE,1,1,0.000975609756097561,3,9026080113,,c172140bebd451a59eb81ba95c211a8522d42c2d1e6081ecb53abbd299fccc8e,,,,0.22118861442967133,0.22118861442967133
1025,1.0,LOW_INFORMATION_F0/SEED_03,1,LOW_INFORMATION_F0,AMBIGUOUS,2026080113,0,LA1_3_ARA_B1,1,0.000975609756097561,0.22118861442967133,0.22118861442967133,,,AMBIGUOUS,False,RISK_CONSERVATIVE,1,1,0.000975609756097561,3,9026080113,,c172140bebd451a59eb81ba95c211a8522d42c2d1e6081ecb53abbd299fccc8e,,,,0.22118861442967133,0.22118861442967133
102,0.1,LOW_INFORMATION_F0/SEED_03,1,LOW_INFORMATION_F0,AMBIGUOUS,2026080113,0,LA1_3_ARA_B1,1,0.000975609756097561,0.22118861442967133,0.22118861442967133,,,AMBIGUOUS,False,BALANCED,1,1,0.000975609756097561,3,9026080113,,2957992b6bec864eadaa188c9612b1bbae7643169d107c3eac4e89168f8e8d76,,,,0.22118861442967133,0.22118861442967133
205,0.2,LOW_INFORMATION_F0/SEED_03,1,LOW_INFORMATION_F0,AMBIGUOUS,2026080113,0,LA1_3_ARA_B1,1,0.000975609756097561,0.22118861442967133,0.22118861442967133,,,AMBIGUOUS,False,BALANCED,1,1,0.000975609756097561,3,9026080113,,2957992b6bec864eadaa188c9612b1bbae7643169d107c3eac4e89168f8e8d76,,,,0.22118861442967133,0.22118861442967133
358,0.35,LOW_INFORMATION_F0/SEED_03,1,LOW_INFORMATION_F0,AMBIGUOUS,2026080113,0,LA1_3_ARA_B1,1,0.000975609756097561,0.22118861442967133,0.22118861442967133,,,AMBIGUOUS,False,BALANCED,1,1,0.000975609756097561,3,9026080113,,2957992b6bec864eadaa188c9612b1bbae7643169d107c3eac4e89168f8e8d76,,,,0.22118861442967133,0.22118861442967133
512,0.5,LOW_INFORMATION_F0/SEED_03,1,LOW_INFORMATION_F0,AMBIGUOUS,2026080113,0,LA1_3_ARA_B1,1,0.000975609756097561,0.22118861442967133,0.22118861442967133,,,AMBIGUOUS,False,BALANCED,1,1,0.000975609756097561,3,9026080113,,2957992b6bec864eadaa188c9612b1bbae7643169d107c3eac4e89168f8e8d76,,,,0.22118861442967133,0.22118861442967133
768,0.75,LOW_INFORMATION_F0/SEED_03,1,LOW_INFORMATION_F0,AMBIGUOUS,2026080113,0,LA1_3_ARA_B1,1,0.000975609756097561,0.22118861442967133,0.22118861442967133,,,AMBIGUOUS,False,BALANCED,1,1,0.000975609756097561,3,9026080113,,2957992b6bec864eadaa188c9612b1bbae7643169d107c3eac4e89168f8e8d76,,,,0.22118861442967133,0.22118861442967133
1025,1.0,LOW_INFORMATION_F0/SEED_03,1,LOW_INFORMATION_F0,AMBIGUOUS,2026080113,0,LA1_3_ARA_B1,1,0.000975609756097561,0.22118861442967133,0.22118861442967133,,,AMBIGUOUS,False,BALANCED,1,1,0.000975609756097561,3,9026080113,,2957992b6bec864eadaa188c9612b1bbae7643169d107c3eac4e89168f8e8d76,,,,0.22118861442967133,0.22118861442967133
102,0.1,LOW_INFORMATION_F0/SEED_03,1,LOW_INFORMATION_F0,AMBIGUOUS,2026080113,0,LA1_3_ARA_B1,1,0.000975609756097561,0.22118861442967133,0.22118861442967133,,,AMBIGUOUS,False,RESOLUTION_FAVORING,1,1,0.000975609756097561,3,9026080113,,4866a17f60340da9fe6e357f1f4cafa2c69f57af6f06b078c521ec4f621c1f23,,,,0.22118861442967133,0.22118861442967133
205,0.2,LOW_INFORMATION_F0/SEED_03,1,LOW_INFORMATION_F0,AMBIGUOUS,2026080113,0,LA1_3_ARA_B1,1,0.000975609756097561,0.22118861442967133,0.22118861442967133,,,AMBIGUOUS,False,RESOLUTION_FAVORING,1,1,0.000975609756097561,3,9026080113,,4866a17f60340da9fe6e357f1f4cafa2c69f57af6f06b078c521ec4f621c1f23,,,,0.22118861442967133,0.22118861442967133
358,0.35,LOW_INFORMATION_F0/SEED_03,1,LOW_INFORMATION_F0,AMBIGUOUS,2026080113,0,LA1_3_ARA_B1,1,0.000975609756097561,0.22118861442967133,0.22118861442967133,,,AMBIGUOUS,False,RESOLUTION_FAVORING,1,1,0.000975609756097561,3,9026080113,,4866a17f60340da9fe6e357f1f4cafa2c69f57af6f06b078c521ec4f621c1f23,,,,0.22118861442967133,0.22118861442967133
512,0.5,LOW_INFORMATION_F0/SEED_03,1,LOW_INFORMATION_F0,AMBIGUOUS,2026080113,0,LA1_3_ARA_B1,1,0.000975609756097561,0.22118861442967133,0.22118861442967133,,,AMBIGUOUS,False,RESOLUTION_FAVORING,1,1,0.000975609756097561,3,9026080113,,4866a17f60340da9fe6e357f1f4cafa2c69f57af6f06b078c521ec4f621c1f23,,,,0.22118861442967133,0.22118861442967133
768,0.75,LOW_INFORMATION_F0/SEED_03,1,LOW_INFORMATION_F0,AMBIGUOUS,2026080113,0,LA1_3_ARA_B1,1,0.000975609756097561,0.22118861442967133,0.22118861442967133,,,AMBIGUOUS,False,RESOLUTION_FAVORING,1,1,0.000975609756097561,3,9026080113,,4866a17f60340da9fe6e357f1f4cafa2c69f57af6f06b078c521ec4f621c1f23,,,,0.22118861442967133,0.22118861442967133
1025,1.0,LOW_INFORMATION_F0/SEED_03,1,LOW_INFORMATION_F0,AMBIGUOUS,2026080113,0,LA1_3_ARA_B1,1,0.000975609756097561,0.22118861442967133,0.22118861442967133,,,AMBIGUOUS,False,RESOLUTION_FAVORING,1,1,0.000975609756097561,3,9026080113,,4866a17f60340da9fe6e357f1f4cafa2c69f57af6f06b078c521ec4f621c1f23,,,,0.22118861442967133,0.22118861442967133
102,0.1,LOW_INFORMATION_F0/SEED_04,1,LOW_INFORMATION_F0,AMBIGUOUS,2026080114,0,LA1_3_ARA_B1,1,0.000975609756097561,0.22118861442967133,0.22118861442967133,,,AMBIGUOUS,False,RISK_CONSERVATIVE,1,1,0.000975609756097561,4,9026080114,,2ad5523abc45f4b03feceef351a4c5b64c94d2f78c7c3a90851befb819773993,,,,0.22118861442967133,0.22118861442967133
205,0.2,LOW_INFORMATION_F0/SEED_04,1,LOW_INFORMATION_F0,AMBIGUOUS,2026080114,0,LA1_3_ARA_B1,1,0.000975609756097561,0.22118861442967133,0.22118861442967133,,,AMBIGUOUS,False,RISK_CONSERVATIVE,1,1,0.000975609756097561,4,9026080114,,2ad5523abc45f4b03feceef351a4c5b64c94d2f78c7c3a90851befb819773993,,,,0.22118861442967133,0.22118861442967133
358,0.35,LOW_INFORMATION_F0/SEED_04,1,LOW_INFORMATION_F0,AMBIGUOUS,2026080114,0,LA1_3_ARA_B1,1,0.000975609756097561,0.22118861442967133,0.22118861442967133,,,AMBIGUOUS,False,RISK_CONSERVATIVE,1,1,0.000975609756097561,4,9026080114,,2ad5523abc45f4b03feceef351a4c5b64c94d2f78c7c3a90851befb819773993,,,,0.22118861442967133,0.22118861442967133
512,0.5,LOW_INFORMATION_F0/SEED_04,1,LOW_INFORMATION_F0,AMBIGUOUS,2026080114,0,LA1_3_ARA_B1,1,0.000975609756097561,0.22118861442967133,0.22118861442967133,,,AMBIGUOUS,False,RISK_CONSERVATIVE,1,1,0.000975609756097561,4,9026080114,,2ad5523abc45f4b03feceef351a4c5b64c94d2f78c7c3a90851befb819773993,,,,0.22118861442967133,0.22118861442967133
768,0.75,LOW_INFORMATION_F0/SEED_04,1,LOW_INFORMATION_F0,AMBIGUOUS,2026080114,0,LA1_3_ARA_B1,1,0.000975609756097561,0.22118861442967133,0.22118861442967133,,,AMBIGUOUS,False,RISK_CONSERVATIVE,1,1,0.000975609756097561,4,9026080114,,2ad5523abc45f4b03feceef351a4c5b64c94d2f78c7c3a90851befb819773993,,,,0.22118861442967133,0.22118861442967133
1025,1.0,LOW_INFORMATION_F0/SEED_04,1,LOW_INFORMATION_F0,AMBIGUOUS,2026080114,0,LA1_3_ARA_B1,1,0.000975609756097561,0.22118861442967133,0.22118861442967133,,,AMBIGUOUS,False,RISK_CONSERVATIVE,1,1,0.000975609756097561,4,9026080114,,2ad5523abc45f4b03feceef351a4c5b64c94d2f78c7c3a90851befb819773993,,,,0.22118861442967133,0.22118861442967133
102,0.1,LOW_INFORMATION_F0/SEED_04,1,LOW_INFORMATION_F0,AMBIGUOUS,2026080114,0,LA1_3_ARA_B1,1,0.000975609756097561,0.22118861442967133,0.22118861442967133,,,AMBIGUOUS,False,BALANCED,1,1,0.000975609756097561,4,9026080114,,e689073aa06b04214a056a25cf14514934f057ca96f70235b88a6507cec36328,,,,0.22118861442967133,0.22118861442967133
205,0.2,LOW_INFORMATION_F0/SEED_04,1,LOW_INFORMATION_F0,AMBIGUOUS,2026080114,0,LA1_3_ARA_B1,1,0.000975609756097561,0.22118861442967133,0.22118861442967133,,,AMBIGUOUS,False,BALANCED,1,1,0.000975609756097561,4,9026080114,,e689073aa06b04214a056a25cf14514934f057ca96f70235b88a6507cec36328,,,,0.22118861442967133,0.22118861442967133
358,0.35,LOW_INFORMATION_F0/SEED_04,1,LOW_INFORMATION_F0,AMBIGUOUS,2026080114,0,LA1_3_ARA_B1,1,0.000975609756097561,0.22118861442967133,0.22118861442967133,,,AMBIGUOUS,False,BALANCED,1,1,0.000975609756097561,4,9026080114,,e689073aa06b04214a056a25cf14514934f057ca96f70235b88a6507cec36328,,,,0.22118861442967133,0.22118861442967133
512,0.5,LOW_INFORMATION_F0/SEED_04,1,LOW_INFORMATION_F0,AMBIGUOUS,2026080114,0,LA1_3_ARA_B1,1,0.000975609756097561,0.22118861442967133,0.22118861442967133,,,AMBIGUOUS,False,BALANCED,1,1,0.000975609756097561,4,9026080114,,e689073aa06b04214a056a25cf14514934f057ca96f70235b88a6507cec36328,,,,0.22118861442967133,0.22118861442967133
768,0.75,LOW_INFORMATION_F0/SEED_04,1,LOW_INFORMATION_F0,AMBIGUOUS,2026080114,0,LA1_3_ARA_B1,1,0.000975609756097561,0.22118861442967133,0.22118861442967133,,,AMBIGUOUS,False,BALANCED,1,1,0.000975609756097561,4,9026080114,,e689073aa06b04214a056a25cf14514934f057ca96f70235b88a6507cec36328,,,,0.22118861442967133,0.22118861442967133
1025,1.0,LOW_INFORMATION_F0/SEED_04,1,LOW_INFORMATION_F0,AMBIGUOUS,2026080114,0,LA1_3_ARA_B1,1,0.000975609756097561,0.22118861442967133,0.22118861442967133,,,AMBIGUOUS,False,BALANCED,1,1,0.000975609756097561,4,9026080114,,e689073aa06b04214a056a25cf14514934f057ca96f70235b88a6507cec36328,,,,0.22118861442967133,0.22118861442967133
102,0.1,LOW_INFORMATION_F0/SEED_04,1,LOW_INFORMATION_F0,AMBIGUOUS,2026080114,0,LA1_3_ARA_B1,1,0.000975609756097561,0.22118861442967133,0.22118861442967133,,,AMBIGUOUS,False,RESOLUTION_FAVORING,1,1,0.000975609756097561,4,9026080114,,2aa2395cb832c150fcd2e3885a5e55f1b2c2390d48db294afc49038c09283fe4,,,,0.22118861442967133,0.22118861442967133
205,0.2,LOW_INFORMATION_F0/SEED_04,1,LOW_INFORMATION_F0,AMBIGUOUS,2026080114,0,LA1_3_ARA_B1,1,0.000975609756097561,0.22118861442967133,0.22118861442967133,,,AMBIGUOUS,False,RESOLUTION_FAVORING,1,1,0.000975609756097561,4,9026080114,,2aa2395cb832c150fcd2e3885a5e55f1b2c2390d48db294afc49038c09283fe4,,,,0.22118861442967133,0.22118861442967133
358,0.35,LOW_INFORMATION_F0/SEED_04,1,LOW_INFORMATION_F0,AMBIGUOUS,2026080114,0,LA1_3_ARA_B1,1,0.000975609756097561,0.22118861442967133,0.22118861442967133,,,AMBIGUOUS,False,RESOLUTION_FAVORING,1,1,0.000975609756097561,4,9026080114,,2aa2395cb832c150fcd2e3885a5e55f1b2c2390d48db294afc49038c09283fe4,,,,0.22118861442967133,0.22118861442967133
512,0.5,LOW_INFORMATION_F0/SEED_04,1,LOW_INFORMATION_F0,AMBIGUOUS,2026080114,0,LA1_3_ARA_B1,1,0.000975609756097561,0.22118861442967133,0.22118861442967133,,,AMBIGUOUS,False,RESOLUTION_FAVORING,1,1,0.000975609756097561,4,9026080114,,2aa2395cb832c150fcd2e3885a5e55f1b2c2390d48db294afc49038c09283fe4,,,,0.22118861442967133,0.22118861442967133
768,0.75,LOW_INFORMATION_F0/SEED_04,1,LOW_INFORMATION_F0,AMBIGUOUS,2026080114,0,LA1_3_ARA_B1,1,0.000975609756097561,0.22118861442967133,0.22118861442967133,,,AMBIGUOUS,False,RESOLUTION_FAVORING,1,1,0.000975609756097561,4,9026080114,,2aa2395cb832c150fcd2e3885a5e55f1b2c2390d48db294afc49038c09283fe4,,,,0.22118861442967133,0.22118861442967133
1025,1.0,LOW_INFORMATION_F0/SEED_04,1,LOW_INFORMATION_F0,AMBIGUOUS,2026080114,0,LA1_3_ARA_B1,1,0.000975609756097561,0.22118861442967133,0.22118861442967133,,,AMBIGUOUS,False,RESOLUTION_FAVORING,1,1,0.000975609756097561,4,9026080114,,2aa2395cb832c150fcd2e3885a5e55f1b2c2390d48db294afc49038c09283fe4,,,,0.22118861442967133,0.22118861442967133
102,0.1,LOW_INFORMATION_F0/SEED_05,1,LOW_INFORMATION_F0,AMBIGUOUS,2026080115,0,LA1_3_ARA_B1,1,0.000975609756097561,0.22118861442967133,0.22118861442967133,,,AMBIGUOUS,False,RISK_CONSERVATIVE,1,1,0.000975609756097561,5,9026080115,,4309608f791e35ecbd4accc9582e61f3c81b8cd8004481273e6ac16cd19f5739,,,,0.22118861442967133,0.22118861442967133
205,0.2,LOW_INFORMATION_F0/SEED_05,1,LOW_INFORMATION_F0,AMBIGUOUS,2026080115,0,LA1_3_ARA_B1,1,0.000975609756097561,0.22118861442967133,0.22118861442967133,,,AMBIGUOUS,False,RISK_CONSERVATIVE,1,1,0.000975609756097561,5,9026080115,,4309608f791e35ecbd4accc9582e61f3c81b8cd8004481273e6ac16cd19f5739,,,,0.22118861442967133,0.22118861442967133
358,0.35,LOW_INFORMATION_F0/SEED_05,1,LOW_INFORMATION_F0,AMBIGUOUS,2026080115,0,LA1_3_ARA_B1,1,0.000975609756097561,0.22118861442967133,0.22118861442967133,,,AMBIGUOUS,False,RISK_CONSERVATIVE,1,1,0.000975609756097561,5,9026080115,,4309608f791e35ecbd4accc9582e61f3c81b8cd8004481273e6ac16cd19f5739,,,,0.22118861442967133,0.22118861442967133
512,0.5,LOW_INFORMATION_F0/SEED_05,1,LOW_INFORMATION_F0,AMBIGUOUS,2026080115,0,LA1_3_ARA_B1,1,0.000975609756097561,0.22118861442967133,0.22118861442967133,,,AMBIGUOUS,False,RISK_CONSERVATIVE,1,1,0.000975609756097561,5,9026080115,,4309608f791e35ecbd4accc9582e61f3c81b8cd8004481273e6ac16cd19f5739,,,,0.22118861442967133,0.22118861442967133
768,0.75,LOW_INFORMATION_F0/SEED_05,1,LOW_INFORMATION_F0,AMBIGUOUS,2026080115,0,LA1_3_ARA_B1,1,0.000975609756097561,0.22118861442967133,0.22118861442967133,,,AMBIGUOUS,False,RISK_CONSERVATIVE,1,1,0.000975609756097561,5,9026080115,,4309608f791e35ecbd4accc9582e61f3c81b8cd8004481273e6ac16cd19f5739,,,,0.22118861442967133,0.22118861442967133
1025,1.0,LOW_INFORMATION_F0/SEED_05,1,LOW_INFORMATION_F0,AMBIGUOUS,2026080115,0,LA1_3_ARA_B1,1,0.000975609756097561,0.22118861442967133,0.22118861442967133,,,AMBIGUOUS,False,RISK_CONSERVATIVE,1,1,0.000975609756097561,5,9026080115,,4309608f791e35ecbd4accc9582e61f3c81b8cd8004481273e6ac16cd19f5739,,,,0.22118861442967133,0.22118861442967133
102,0.1,LOW_INFORMATION_F0/SEED_05,1,LOW_INFORMATION_F0,AMBIGUOUS,2026080115,0,LA1_3_ARA_B1,1,0.000975609756097561,0.22118861442967133,0.22118861442967133,,,AMBIGUOUS,False,BALANCED,1,1,0.000975609756097561,5,9026080115,,1d9a5c1c8eb8c8321889ec4c9be35e2a7049f76fe2828e4c658e628edf2174fa,,,,0.22118861442967133,0.22118861442967133
205,0.2,LOW_INFORMATION_F0/SEED_05,1,LOW_INFORMATION_F0,AMBIGUOUS,2026080115,0,LA1_3_ARA_B1,1,0.000975609756097561,0.22118861442967133,0.22118861442967133,,,AMBIGUOUS,False,BALANCED,1,1,0.000975609756097561,5,9026080115,,1d9a5c1c8eb8c8321889ec4c9be35e2a7049f76fe2828e4c658e628edf2174fa,,,,0.22118861442967133,0.22118861442967133
358,0.35,LOW_INFORMATION_F0/SEED_05,1,LOW_INFORMATION_F0,AMBIGUOUS,2026080115,0,LA1_3_ARA_B1,1,0.000975609756097561,0.22118861442967133,0.22118861442967133,,,AMBIGUOUS,False,BALANCED,1,1,0.000975609756097561,5,9026080115,,1d9a5c1c8eb8c8321889ec4c9be35e2a7049f76fe2828e4c658e628edf2174fa,,,,0.22118861442967133,0.22118861442967133
512,0.5,LOW_INFORMATION_F0/SEED_05,1,LOW_INFORMATION_F0,AMBIGUOUS,2026080115,0,LA1_3_ARA_B1,1,0.000975609756097561,0.22118861442967133,0.22118861442967133,,,AMBIGUOUS,False,BALANCED,1,1,0.000975609756097561,5,9026080115,,1d9a5c1c8eb8c8321889ec4c9be35e2a7049f76fe2828e4c658e628edf2174fa,,,,0.22118861442967133,0.22118861442967133
768,0.75,LOW_INFORMATION_F0/SEED_05,1,LOW_INFORMATION_F0,AMBIGUOUS,2026080115,0,LA1_3_ARA_B1,1,0.000975609756097561,0.22118861442967133,0.22118861442967133,,,AMBIGUOUS,False,BALANCED,1,1,0.000975609756097561,5,9026080115,,1d9a5c1c8eb8c8321889ec4c9be35e2a7049f76fe2828e4c658e628edf2174fa,,,,0.22118861442967133,0.22118861442967133
1025,1.0,LOW_INFORMATION_F0/SEED_05,1,LOW_INFORMATION_F0,AMBIGUOUS,2026080115,0,LA1_3_ARA_B1,1,0.000975609756097561,0.22118861442967133,0.22118861442967133,,,AMBIGUOUS,False,BALANCED,1,1,0.000975609756097561,5,9026080115,,1d9a5c1c8eb8c8321889ec4c9be35e2a7049f76fe2828e4c658e628edf2174fa,,,,0.22118861442967133,0.22118861442967133
102,0.1,LOW_INFORMATION_F0/SEED_05,1,LOW_INFORMATION_F0,AMBIGUOUS,2026080115,0,LA1_3_ARA_B1,1,0.000975609756097561,0.22118861442967133,0.22118861442967133,,,AMBIGUOUS,False,RESOLUTION_FAVORING,1,1,0.000975609756097561,5,9026080115,,c2557d874347a8031207feb2550a69aac3e790f54ba4f041db6477d2dc8a1c95,,,,0.22118861442967133,0.22118861442967133
205,0.2,LOW_INFORMATION_F0/SEED_05,1,LOW_INFORMATION_F0,AMBIGUOUS,2026080115,0,LA1_3_ARA_B1,1,0.000975609756097561,0.22118861442967133,0.22118861442967133,,,AMBIGUOUS,False,RESOLUTION_FAVORING,1,1,0.000975609756097561,5,9026080115,,c2557d874347a8031207feb2550a69aac3e790f54ba4f041db6477d2dc8a1c95,,,,0.22118861442967133,0.22118861442967133
358,0.35,LOW_INFORMATION_F0/SEED_05,1,LOW_INFORMATION_F0,AMBIGUOUS,2026080115,0,LA1_3_ARA_B1,1,0.000975609756097561,0.22118861442967133,0.22118861442967133,,,AMBIGUOUS,False,RESOLUTION_FAVORING,1,1,0.000975609756097561,5,9026080115,,c2557d874347a8031207feb2550a69aac3e790f54ba4f041db6477d2dc8a1c95,,,,0.22118861442967133,0.22118861442967133
512,0.5,LOW_INFORMATION_F0/SEED_05,1,LOW_INFORMATION_F0,AMBIGUOUS,2026080115,0,LA1_3_ARA_B1,1,0.000975609756097561,0.22118861442967133,0.22118861442967133,,,AMBIGUOUS,False,RESOLUTION_FAVORING,1,1,0.000975609756097561,5,9026080115,,c2557d874347a8031207feb2550a69aac3e790f54ba4f041db6477d2dc8a1c95,,,,0.22118861442967133,0.22118861442967133
768,0.75,LOW_INFORMATION_F0/SEED_05,1,LOW_INFORMATION_F0,AMBIGUOUS,2026080115,0,LA1_3_ARA_B1,1,0.000975609756097561,0.22118861442967133,0.22118861442967133,,,AMBIGUOUS,False,RESOLUTION_FAVORING,1,1,0.000975609756097561,5,9026080115,,c2557d874347a8031207feb2550a69aac3e790f54ba4f041db6477d2dc8a1c95,,,,0.22118861442967133,0.22118861442967133
1025,1.0,LOW_INFORMATION_F0/SEED_05,1,LOW_INFORMATION_F0,AMBIGUOUS,2026080115,0,LA1_3_ARA_B1,1,0.000975609756097561,0.22118861442967133,0.22118861442967133,,,AMBIGUOUS,False,RESOLUTION_FAVORING,1,1,0.000975609756097561,5,9026080115,,c2557d874347a8031207feb2550a69aac3e790f54ba4f041db6477d2dc8a1c95,,,,0.22118861442967133,0.22118861442967133
102,0.1,LOW_INFORMATION_F0/SEED_06,1,LOW_INFORMATION_F0,AMBIGUOUS,2026080116,0,LA1_3_ARA_B1,1,0.000975609756097561,0.2146108778548799,0.2146108778548799,,,AMBIGUOUS,False,RISK_CONSERVATIVE,1,1,0.000975609756097561,6,9026080116,,606e4df82dfe07af878d803fba0cf8a0f117fc45100e97521a32b71715c74f1d,,,,0.22118861442967133,0.22118861442967133
205,0.2,LOW_INFORMATION_F0/SEED_06,1,LOW_INFORMATION_F0,AMBIGUOUS,2026080116,0,LA1_3_ARA_B1,1,0.000975609756097561,0.2146108778548799,0.2146108778548799,,,AMBIGUOUS,False,RISK_CONSERVATIVE,1,1,0.000975609756097561,6,9026080116,,606e4df82dfe07af878d803fba0cf8a0f117fc45100e97521a32b71715c74f1d,,,,0.22118861442967133,0.22118861442967133
358,0.35,LOW_INFORMATION_F0/SEED_06,1,LOW_INFORMATION_F0,AMBIGUOUS,2026080116,0,LA1_3_ARA_B1,1,0.000975609756097561,0.2146108778548799,0.2146108778548799,,,AMBIGUOUS,False,RISK_CONSERVATIVE,1,1,0.000975609756097561,6,9026080116,,606e4df82dfe07af878d803fba0cf8a0f117fc45100e97521a32b71715c74f1d,,,,0.22118861442967133,0.22118861442967133
512,0.5,LOW_INFORMATION_F0/SEED_06,1,LOW_INFORMATION_F0,AMBIGUOUS,2026080116,0,LA1_3_ARA_B1,1,0.000975609756097561,0.2146108778548799,0.2146108778548799,,,AMBIGUOUS,False,RISK_CONSERVATIVE,1,1,0.000975609756097561,6,9026080116,,606e4df82dfe07af878d803fba0cf8a0f117fc45100e97521a32b71715c74f1d,,,,0.22118861442967133,0.22118861442967133
768,0.75,LOW_INFORMATION_F0/SEED_06,1,LOW_INFORMATION_F0,AMBIGUOUS,2026080116,0,LA1_3_ARA_B1,1,0.000975609756097561,0.2146108778548799,0.2146108778548799,,,AMBIGUOUS,False,RISK_CONSERVATIVE,1,1,0.000975609756097561,6,9026080116,,606e4df82dfe07af878d803fba0cf8a0f117fc45100e97521a32b71715c74f1d,,,,0.22118861442967133,0.22118861442967133
1025,1.0,LOW_INFORMATION_F0/SEED_06,1,LOW_INFORMATION_F0,AMBIGUOUS,2026080116,0,LA1_3_ARA_B1,1,0.000975609756097561,0.2146108778548799,0.2146108778548799,,,AMBIGUOUS,False,RISK_CONSERVATIVE,1,1,0.000975609756097561,6,9026080116,,606e4df82dfe07af878d803fba0cf8a0f117fc45100e97521a32b71715c74f1d,,,,0.22118861442967133,0.22118861442967133
102,0.1,LOW_INFORMATION_F0/SEED_06,1,LOW_INFORMATION_F0,AMBIGUOUS,2026080116,0,LA1_3_ARA_B1,1,0.000975609756097561,0.2146108778548799,0.2146108778548799,,,AMBIGUOUS,False,BALANCED,1,1,0.000975609756097561,6,9026080116,,2c94398f047b1cad9e0c5f7befed97fffc1b6008b932ad766a2c52b41e0c598f,,,,0.22118861442967133,0.22118861442967133
205,0.2,LOW_INFORMATION_F0/SEED_06,1,LOW_INFORMATION_F0,AMBIGUOUS,2026080116,0,LA1_3_ARA_B1,1,0.000975609756097561,0.2146108778548799,0.2146108778548799,,,AMBIGUOUS,False,BALANCED,1,1,0.000975609756097561,6,9026080116,,2c94398f047b1cad9e0c5f7befed97fffc1b6008b932ad766a2c52b41e0c598f,,,,0.22118861442967133,0.22118861442967133
358,0.35,LOW_INFORMATION_F0/SEED_06,1,LOW_INFORMATION_F0,AMBIGUOUS,2026080116,0,LA1_3_ARA_B1,1,0.000975609756097561,0.2146108778548799,0.2146108778548799,,,AMBIGUOUS,False,BALANCED,1,1,0.000975609756097561,6,9026080116,,2c94398f047b1cad9e0c5f7befed97fffc1b6008b932ad766a2c52b41e0c598f,,,,0.22118861442967133,0.22118861442967133
512,0.5,LOW_INFORMATION_F0/SEED_06,1,LOW_INFORMATION_F0,AMBIGUOUS,2026080116,0,LA1_3_ARA_B1,1,0.000975609756097561,0.2146108778548799,0.2146108778548799,,,AMBIGUOUS,False,BALANCED,1,1,0.000975609756097561,6,9026080116,,2c94398f047b1cad9e0c5f7befed97fffc1b6008b932ad766a2c52b41e0c598f,,,,0.22118861442967133,0.22118861442967133
768,0.75,LOW_INFORMATION_F0/SEED_06,1,LOW_INFORMATION_F0,AMBIGUOUS,2026080116,0,LA1_3_ARA_B1,1,0.000975609756097561,0.2146108778548799,0.2146108778548799,,,AMBIGUOUS,False,BALANCED,1,1,0.000975609756097561,6,9026080116,,2c94398f047b1cad9e0c5f7befed97fffc1b6008b932ad766a2c52b41e0c598f,,,,0.22118861442967133,0.22118861442967133
1025,1.0,LOW_INFORMATION_F0/SEED_06,1,LOW_INFORMATION_F0,AMBIGUOUS,2026080116,0,LA1_3_ARA_B1,1,0.000975609756097561,0.2146108778548799,0.2146108778548799,,,AMBIGUOUS,False,BALANCED,1,1,0.000975609756097561,6,9026080116,,2c94398f047b1cad9e0c5f7befed97fffc1b6008b932ad766a2c52b41e0c598f,,,,0.22118861442967133,0.22118861442967133
102,0.1,LOW_INFORMATION_F0/SEED_06,1,LOW_INFORMATION_F0,AMBIGUOUS,2026080116,0,LA1_3_ARA_B1,1,0.000975609756097561,0.2146108778548799,0.2146108778548799,,,AMBIGUOUS,False,RESOLUTION_FAVORING,1,1,0.000975609756097561,6,9026080116,,04252b7b7e2711f248a73c0679b4cd06d1a00bbcf21677b236642d96b1b4b954,,,,0.22118861442967133,0.22118861442967133
205,0.2,LOW_INFORMATION_F0/SEED_06,1,LOW_INFORMATION_F0,AMBIGUOUS,2026080116,0,LA1_3_ARA_B1,1,0.000975609756097561,0.2146108778548799,0.2146108778548799,,,AMBIGUOUS,False,RESOLUTION_FAVORING,1,1,0.000975609756097561,6,9026080116,,04252b7b7e2711f248a73c0679b4cd06d1a00bbcf21677b236642d96b1b4b954,,,,0.22118861442967133,0.22118861442967133
358,0.35,LOW_INFORMATION_F0/SEED_06,1,LOW_INFORMATION_F0,AMBIGUOUS,2026080116,0,LA1_3_ARA_B1,1,0.000975609756097561,0.2146108778548799,0.2146108778548799,,,AMBIGUOUS,False,RESOLUTION_FAVORING,1,1,0.000975609756097561,6,9026080116,,04252b7b7e2711f248a73c0679b4cd06d1a00bbcf21677b236642d96b1b4b954,,,,0.22118861442967133,0.22118861442967133
512,0.5,LOW_INFORMATION_F0/SEED_06,1,LOW_INFORMATION_F0,AMBIGUOUS,2026080116,0,LA1_3_ARA_B1,1,0.000975609756097561,0.2146108778548799,0.2146108778548799,,,AMBIGUOUS,False,RESOLUTION_FAVORING,1,1,0.000975609756097561,6,9026080116,,04252b7b7e2711f248a73c0679b4cd06d1a00bbcf21677b236642d96b1b4b954,,,,0.22118861442967133,0.22118861442967133
768,0.75,LOW_INFORMATION_F0/SEED_06,1,LOW_INFORMATION_F0,AMBIGUOUS,2026080116,0,LA1_3_ARA_B1,1,0.000975609756097561,0.2146108778548799,0.2146108778548799,,,AMBIGUOUS,False,RESOLUTION_FAVORING,1,1,0.000975609756097561,6,9026080116,,04252b7b7e2711f248a73c0679b4cd06d1a00bbcf21677b236642d96b1b4b954,,,,0.22118861442967133,0.22118861442967133
1025,1.0,LOW_INFORMATION_F0/SEED_06,1,LOW_INFORMATION_F0,AMBIGUOUS,2026080116,0,LA1_3_ARA_B1,1,0.000975609756097561,0.2146108778548799,0.2146108778548799,,,AMBIGUOUS,False,RESOLUTION_FAVORING,1,1,0.000975609756097561,6,9026080116,,04252b7b7e2711f248a73c0679b4cd06d1a00bbcf21677b236642d96b1b4b954,,,,0.22118861442967133,0.22118861442967133
102,0.1,INTERMEDIATE_INFORMATION_S3/SEED_01,4,INTERMEDIATE_INFORMATION_S3,ABSTAIN,2026080121,4,LA1_3_ARA_B1,102,0.09951219512195122,0.0,0.0,,,ABSTAIN,True,RISK_CONSERVATIVE,0,102,0.09951219512195122,1,9026080121,,aa814bd10cfafb5b5b89a0df1ce25ae33380c8cff306057d3009f2c7e706823e,,,,0.28464065329141935,0.28464065329141935
205,0.2,INTERMEDIATE_INFORMATION_S3/SEED_01,9,INTERMEDIATE_INFORMATION_S3,ABSTAIN,2026080121,8,LA1_3_ARA_B1,205,0.2,0.13583277727366025,0.13583277727366025,,,ABSTAIN,True,RISK_CONSERVATIVE,1,205,0.2,1,9026080121,,aa814bd10cfafb5b5b89a0df1ce25ae33380c8cff306057d3009f2c7e706823e,,,,0.2547157902197124,0.2547157902197124
358,0.35,INTERMEDIATE_INFORMATION_S3/SEED_01,15,INTERMEDIATE_INFORMATION_S3,AMBIGUOUS,2026080121,13,LA1_3_ARA_B1,327,0.31902439024390244,0.21649024896406868,0.21649024896406868,,,AMBIGUOUS,False,RISK_CONSERVATIVE,2,327,0.31902439024390244,1,9026080121,,aa814bd10cfafb5b5b89a0df1ce25ae33380c8cff306057d3009f2c7e706823e,,,,0.21649024896406868,0.21649024896406868
512,0.5,INTERMEDIATE_INFORMATION_S3/SEED_01,15,INTERMEDIATE_INFORMATION_S3,AMBIGUOUS,2026080121,13,LA1_3_ARA_B1,327,0.31902439024390244,0.21649024896406868,0.21649024896406868,,,AMBIGUOUS,False,RISK_CONSERVATIVE,2,327,0.31902439024390244,1,9026080121,,aa814bd10cfafb5b5b89a0df1ce25ae33380c8cff306057d3009f2c7e706823e,,,,0.21649024896406868,0.21649024896406868
768,0.75,INTERMEDIATE_INFORMATION_S3/SEED_01,15,INTERMEDIATE_INFORMATION_S3,AMBIGUOUS,2026080121,13,LA1_3_ARA_B1,327,0.31902439024390244,0.21649024896406868,0.21649024896406868,,,AMBIGUOUS,False,RISK_CONSERVATIVE,2,327,0.31902439024390244,1,9026080121,,aa814bd10cfafb5b5b89a0df1ce25ae33380c8cff306057d3009f2c7e706823e,,,,0.21649024896406868,0.21649024896406868
1025,1.0,INTERMEDIATE_INFORMATION_S3/SEED_01,15,INTERMEDIATE_INFORMATION_S3,AMBIGUOUS,2026080121,13,LA1_3_ARA_B1,327,0.31902439024390244,0.21649024896406868,0.21649024896406868,,,AMBIGUOUS,False,RISK_CONSERVATIVE,2,327,0.31902439024390244,1,9026080121,,aa814bd10cfafb5b5b89a0df1ce25ae33380c8cff306057d3009f2c7e706823e,,,,0.21649024896406868,0.21649024896406868
102,0.1,INTERMEDIATE_INFORMATION_S3/SEED_01,4,INTERMEDIATE_INFORMATION_S3,ABSTAIN,2026080121,4,LA1_3_ARA_B1,102,0.09951219512195122,0.0,0.0,,,ABSTAIN,True,BALANCED,0,102,0.09951219512195122,1,9026080121,,2ae0a09a9b05849c8dad8e0133677e749802cafb2626c0afe0963c76966e4be1,,,,0.28464065329141935,0.28464065329141935
205,0.2,INTERMEDIATE_INFORMATION_S3/SEED_01,8,INTERMEDIATE_INFORMATION_S3,ABSTAIN,2026080121,8,LA1_3_ARA_B1,205,0.2,0.0,0.0,,,ABSTAIN,True,BALANCED,0,205,0.2,1,9026080121,,2ae0a09a9b05849c8dad8e0133677e749802cafb2626c0afe0963c76966e4be1,,,,0.2547157902197124,0.2547157902197124
358,0.35,INTERMEDIATE_INFORMATION_S3/SEED_01,15,INTERMEDIATE_INFORMATION_S3,ABSTAIN,2026080121,14,LA1_3_ARA_B1,358,0.3492682926829268,0.12782830555647084,0.12782830555647084,,,ABSTAIN,True,BALANCED,1,358,0.3492682926829268,1,9026080121,,2ae0a09a9b05849c8dad8e0133677e749802cafb2626c0afe0963c76966e4be1,,,,0.20874612934582523,0.20874612934582523
512,0.5,INTERMEDIATE_INFORMATION_S3/SEED_01,17,INTERMEDIATE_INFORMATION_S3,AMBIGUOUS,2026080121,15,LA1_3_ARA_B1,377,0.3678048780487805,0.2009714758755994,0.2009714758755994,,,AMBIGUOUS,False,BALANCED,2,377,0.3678048780487805,1,9026080121,,2ae0a09a9b05849c8dad8e0133677e749802cafb2626c0afe0963c76966e4be1,,,,0.2009714758755994,0.2009714758755994
768,0.75,INTERMEDIATE_INFORMATION_S3/SEED_01,17,INTERMEDIATE_INFORMATION_S3,AMBIGUOUS,2026080121,15,LA1_3_ARA_B1,377,0.3678048780487805,0.2009714758755994,0.2009714758755994,,,AMBIGUOUS,False,BALANCED,2,377,0.3678048780487805,1,9026080121,,2ae0a09a9b05849c8dad8e0133677e749802cafb2626c0afe0963c76966e4be1,,,,0.2009714758755994,0.2009714758755994
1025,1.0,INTERMEDIATE_INFORMATION_S3/SEED_01,17,INTERMEDIATE_INFORMATION_S3,AMBIGUOUS,2026080121,15,LA1_3_ARA_B1,377,0.3678048780487805,0.2009714758755994,0.2009714758755994,,,AMBIGUOUS,False,BALANCED,2,377,0.3678048780487805,1,9026080121,,2ae0a09a9b05849c8dad8e0133677e749802cafb2626c0afe0963c76966e4be1,,,,0.2009714758755994,0.2009714758755994
102,0.1,INTERMEDIATE_INFORMATION_S3/SEED_01,4,INTERMEDIATE_INFORMATION_S3,ABSTAIN,2026080121,4,LA1_3_ARA_B1,102,0.09951219512195122,0.0,0.0,,,ABSTAIN,True,RESOLUTION_FAVORING,0,102,0.09951219512195122,1,9026080121,,ab4aa47270c90b623355c0009f4350a2966ef741eb59e995f3f2bc599cb7683b,,,,0.28464065329141935,0.28464065329141935
205,0.2,INTERMEDIATE_INFORMATION_S3/SEED_01,8,INTERMEDIATE_INFORMATION_S3,ABSTAIN,2026080121,8,LA1_3_ARA_B1,205,0.2,0.0,0.0,,,ABSTAIN,True,RESOLUTION_FAVORING,0,205,0.2,1,9026080121,,ab4aa47270c90b623355c0009f4350a2966ef741eb59e995f3f2bc599cb7683b,,,,0.2547157902197124,0.2547157902197124
358,0.35,INTERMEDIATE_INFORMATION_S3/SEED_01,15,INTERMEDIATE_INFORMATION_S3,ABSTAIN,2026080121,14,LA1_3_ARA_B1,358,0.3492682926829268,0.11980483585498639,0.11980483585498639,,,ABSTAIN,True,RESOLUTION_FAVORING,1,358,0.3492682926829268,1,9026080121,,ab4aa47270c90b623355c0009f4350a2966ef741eb59e995f3f2bc599cb7683b,,,,0.20874612934582523,0.20874612934582523
512,0.5,INTERMEDIATE_INFORMATION_S3/SEED_01,19,INTERMEDIATE_INFORMATION_S3,AMBIGUOUS,2026080121,17,LA1_3_ARA_B1,427,0.4165853658536585,0.18533490305263053,0.18533490305263053,,,AMBIGUOUS,False,RESOLUTION_FAVORING,2,427,0.4165853658536585,1,9026080121,,ab4aa47270c90b623355c0009f4350a2966ef741eb59e995f3f2bc599cb7683b,,,,0.18533490305263053,0.18533490305263053
768,0.75,INTERMEDIATE_INFORMATION_S3/SEED_01,19,INTERMEDIATE_INFORMATION_S3,AMBIGUOUS,2026080121,17,LA1_3_ARA_B1,427,0.4165853658536585,0.18533490305263053,0.18533490305263053,,,AMBIGUOUS,False,RESOLUTION_FAVORING,2,427,0.4165853658536585,1,9026080121,,ab4aa47270c90b623355c0009f4350a2966ef741eb59e995f3f2bc599cb7683b,,,,0.18533490305263053,0.18533490305263053
1025,1.0,INTERMEDIATE_INFORMATION_S3/SEED_01,19,INTERMEDIATE_INFORMATION_S3,AMBIGUOUS,2026080121,17,LA1_3_ARA_B1,427,0.4165853658536585,0.18533490305263053,0.18533490305263053,,,AMBIGUOUS,False,RESOLUTION_FAVORING,2,427,0.4165853658536585,1,9026080121,,ab4aa47270c90b623355c0009f4350a2966ef741eb59e995f3f2bc599cb7683b,,,,0.18533490305263053,0.18533490305263053
102,0.1,INTERMEDIATE_INFORMATION_S3/SEED_02,4,INTERMEDIATE_INFORMATION_S3,ABSTAIN,2026080122,4,LA1_3_ARA_B1,102,0.09951219512195122,0.0,0.0,,,ABSTAIN,True,RISK_CONSERVATIVE,0,102,0.09951219512195122,2,9026080122,,831b003bedb565b0a6c1dca15b6ddcf5e90237e88e8c6c0c7b9a8abbda847628,,,,0.28464065329141935,0.28464065329141935
205,0.2,INTERMEDIATE_INFORMATION_S3/SEED_02,9,INTERMEDIATE_INFORMATION_S3,AMBIGUOUS,2026080122,8,LA1_3_ARA_B1,201,0.19609756097560976,0.15877566018613157,0.15877566018613157,,,AMBIGUOUS,False,RISK_CONSERVATIVE,1,201,0.19609756097560976,2,9026080122,,831b003bedb565b0a6c1dca15b6ddcf5e90237e88e8c6c0c7b9a8abbda847628,,,,0.25471579021971286,0.25471579021971286
358,0.35,INTERMEDIATE_INFORMATION_S3/SEED_02,9,INTERMEDIATE_INFORMATION_S3,AMBIGUOUS,2026080122,8,LA1_3_ARA_B1,201,0.19609756097560976,0.15877566018613157,0.15877566018613157,,,AMBIGUOUS,False,RISK_CONSERVATIVE,1,201,0.19609756097560976,2,9026080122,,831b003bedb565b0a6c1dca15b6ddcf5e90237e88e8c6c0c7b9a8abbda847628,,,,0.25471579021971286,0.25471579021971286
512,0.5,INTERMEDIATE_INFORMATION_S3/SEED_02,9,INTERMEDIATE_INFORMATION_S3,AMBIGUOUS,2026080122,8,LA1_3_ARA_B1,201,0.19609756097560976,0.15877566018613157,0.15877566018613157,,,AMBIGUOUS,False,RISK_CONSERVATIVE,1,201,0.19609756097560976,2,9026080122,,831b003bedb565b0a6c1dca15b6ddcf5e90237e88e8c6c0c7b9a8abbda847628,,,,0.25471579021971286,0.25471579021971286
768,0.75,INTERMEDIATE_INFORMATION_S3/SEED_02,9,INTERMEDIATE_INFORMATION_S3,AMBIGUOUS,2026080122,8,LA1_3_ARA_B1,201,0.19609756097560976,0.15877566018613157,0.15877566018613157,,,AMBIGUOUS,False,RISK_CONSERVATIVE,1,201,0.19609756097560976,2,9026080122,,831b003bedb565b0a6c1dca15b6ddcf5e90237e88e8c6c0c7b9a8abbda847628,,,,0.25471579021971286,0.25471579021971286
1025,1.0,INTERMEDIATE_INFORMATION_S3/SEED_02,9,INTERMEDIATE_INFORMATION_S3,AMBIGUOUS,2026080122,8,LA1_3_ARA_B1,201,0.19609756097560976,0.15877566018613157,0.15877566018613157,,,AMBIGUOUS,False,RISK_CONSERVATIVE,1,201,0.19609756097560976,2,9026080122,,831b003bedb565b0a6c1dca15b6ddcf5e90237e88e8c6c0c7b9a8abbda847628,,,,0.25471579021971286,0.25471579021971286
102,0.1,INTERMEDIATE_INFORMATION_S3/SEED_02,4,INTERMEDIATE_INFORMATION_S3,ABSTAIN,2026080122,4,LA1_3_ARA_B1,102,0.09951219512195122,0.0,0.0,,,ABSTAIN,True,BALANCED,0,102,0.09951219512195122,2,9026080122,,912aeef38887c40113a83f88adff7e56d8fc6cd76d6d7613a7fd585a199b9096,,,,0.28464065329141935,0.28464065329141935
205,0.2,INTERMEDIATE_INFORMATION_S3/SEED_02,8,INTERMEDIATE_INFORMATION_S3,ABSTAIN,2026080122,8,LA1_3_ARA_B1,205,0.2,0.0,0.0,,,ABSTAIN,True,BALANCED,0,205,0.2,2,9026080122,,912aeef38887c40113a83f88adff7e56d8fc6cd76d6d7613a7fd585a199b9096,,,,0.25471579021971286,0.25471579021971286
358,0.35,INTERMEDIATE_INFORMATION_S3/SEED_02,15,INTERMEDIATE_INFORMATION_S3,ABSTAIN,2026080122,14,LA1_3_ARA_B1,358,0.3492682926829268,0.14286681795031955,0.14286681795031955,,,ABSTAIN,True,BALANCED,1,358,0.3492682926829268,2,9026080122,,912aeef38887c40113a83f88adff7e56d8fc6cd76d6d7613a7fd585a199b9096,,,,0.20874612934582523,0.20874612934582523
512,0.5,INTERMEDIATE_INFORMATION_S3/SEED_02,21,INTERMEDIATE_INFORMATION_S3,SECTOR_SAFE,2026080122,20,LA1_3_ARA_B1,512,0.4995121951219512,0.14286681795031955,0.14286681795031955,,,SECTOR_SAFE,True,BALANCED,1,512,0.4995121951219512,2,9026080122,,912aeef38887c40113a83f88adff7e56d8fc6cd76d6d7613a7fd585a199b9096,,,,0.16167841068147518,0.16167841068147518
768,0.75,INTERMEDIATE_INFORMATION_S3/SEED_02,24,INTERMEDIATE_INFORMATION_S3,SECTOR_SAFE,2026080122,23,LA1_3_ARA_B1,576,0.5619512195121952,0.14286681795031955,0.14286681795031955,,,SECTOR_SAFE,False,BALANCED,1,576,0.5619512195121952,2,9026080122,,912aeef38887c40113a83f88adff7e56d8fc6cd76d6d7613a7fd585a199b9096,,,,0.14286681795031955,0.14286681795031955
1025,1.0,INTERMEDIATE_INFORMATION_S3/SEED_02,24,INTERMEDIATE_INFORMATION_S3,SECTOR_SAFE,2026080122,23,LA1_3_ARA_B1,576,0.5619512195121952,0.14286681795031955,0.14286681795031955,,,SECTOR_SAFE,False,BALANCED,1,576,0.5619512195121952,2,9026080122,,912aeef38887c40113a83f88adff7e56d8fc6cd76d6d7613a7fd585a199b9096,,,,0.14286681795031955,0.14286681795031955
102,0.1,INTERMEDIATE_INFORMATION_S3/SEED_02,4,INTERMEDIATE_INFORMATION_S3,ABSTAIN,2026080122,4,LA1_3_ARA_B1,102,0.09951219512195122,0.0,0.0,,,ABSTAIN,True,RESOLUTION_FAVORING,0,102,0.09951219512195122,2,9026080122,,2420a2ce44692164d1e6853001b26027aa0f7d86efd212666dbbee21280ec762,,,,0.28464065329141935,0.28464065329141935
205,0.2,INTERMEDIATE_INFORMATION_S3/SEED_02,8,INTERMEDIATE_INFORMATION_S3,ABSTAIN,2026080122,8,LA1_3_ARA_B1,205,0.2,0.0,0.0,,,ABSTAIN,True,RESOLUTION_FAVORING,0,205,0.2,2,9026080122,,2420a2ce44692164d1e6853001b26027aa0f7d86efd212666dbbee21280ec762,,,,0.25471579021971286,0.25471579021971286
358,0.35,INTERMEDIATE_INFORMATION_S3/SEED_02,13,INTERMEDIATE_INFORMATION_S3,AMBIGUOUS,2026080122,12,LA1_3_ARA_B1,301,0.29365853658536584,0.12687324933996044,0.12687324933996044,,,AMBIGUOUS,False,RESOLUTION_FAVORING,1,301,0.29365853658536584,2,9026080122,,2420a2ce44692164d1e6853001b26027aa0f7d86efd212666dbbee21280ec762,,,,0.22420276454878724,0.22420276454878724
512,0.5,INTERMEDIATE_INFORMATION_S3/SEED_02,13,INTERMEDIATE_INFORMATION_S3,AMBIGUOUS,2026080122,12,LA1_3_ARA_B1,301,0.29365853658536584,0.12687324933996044,0.12687324933996044,,,AMBIGUOUS,False,RESOLUTION_FAVORING,1,301,0.29365853658536584,2,9026080122,,2420a2ce44692164d1e6853001b26027aa0f7d86efd212666dbbee21280ec762,,,,0.22420276454878724,0.22420276454878724
768,0.75,INTERMEDIATE_INFORMATION_S3/SEED_02,13,INTERMEDIATE_INFORMATION_S3,AMBIGUOUS,2026080122,12,LA1_3_ARA_B1,301,0.29365853658536584,0.12687324933996044,0.12687324933996044,,,AMBIGUOUS,False,RESOLUTION_FAVORING,1,301,0.29365853658536584,2,9026080122,,2420a2ce44692164d1e6853001b26027aa0f7d86efd212666dbbee21280ec762,,,,0.22420276454878724,0.22420276454878724
1025,1.0,INTERMEDIATE_INFORMATION_S3/SEED_02,13,INTERMEDIATE_INFORMATION_S3,AMBIGUOUS,2026080122,12,LA1_3_ARA_B1,301,0.29365853658536584,0.12687324933996044,0.12687324933996044,,,AMBIGUOUS,False,RESOLUTION_FAVORING,1,301,0.29365853658536584,2,9026080122,,2420a2ce44692164d1e6853001b26027aa0f7d86efd212666dbbee21280ec762,,,,0.22420276454878724,0.22420276454878724
102,0.1,INTERMEDIATE_INFORMATION_S3/SEED_03,2,INTERMEDIATE_INFORMATION_S3,AMBIGUOUS,2026080123,1,LA1_3_ARA_B1,26,0.025365853658536587,0.159523044298608,0.159523044298608,,,AMBIGUOUS,False,RISK_CONSERVATIVE,1,26,0.025365853658536587,3,9026080123,,55ce6260f73dea2fa852368b584b26c13eca2a4c9c0c120ebb56e16db5fe408f,,,,0.30666062318991155,0.30666062318991155
205,0.2,INTERMEDIATE_INFORMATION_S3/SEED_03,2,INTERMEDIATE_INFORMATION_S3,AMBIGUOUS,2026080123,1,LA1_3_ARA_B1,26,0.025365853658536587,0.159523044298608,0.159523044298608,,,AMBIGUOUS,False,RISK_CONSERVATIVE,1,26,0.025365853658536587,3,9026080123,,55ce6260f73dea2fa852368b584b26c13eca2a4c9c0c120ebb56e16db5fe408f,,,,0.30666062318991155,0.30666062318991155
358,0.35,INTERMEDIATE_INFORMATION_S3/SEED_03,2,INTERMEDIATE_INFORMATION_S3,AMBIGUOUS,2026080123,1,LA1_3_ARA_B1,26,0.025365853658536587,0.159523044298608,0.159523044298608,,,AMBIGUOUS,False,RISK_CONSERVATIVE,1,26,0.025365853658536587,3,9026080123,,55ce6260f73dea2fa852368b584b26c13eca2a4c9c0c120ebb56e16db5fe408f,,,,0.30666062318991155,0.30666062318991155
512,0.5,INTERMEDIATE_INFORMATION_S3/SEED_03,2,INTERMEDIATE_INFORMATION_S3,AMBIGUOUS,2026080123,1,LA1_3_ARA_B1,26,0.025365853658536587,0.159523044298608,0.159523044298608,,,AMBIGUOUS,False,RISK_CONSERVATIVE,1,26,0.025365853658536587,3,9026080123,,55ce6260f73dea2fa852368b584b26c13eca2a4c9c0c120ebb56e16db5fe408f,,,,0.30666062318991155,0.30666062318991155
768,0.75,INTERMEDIATE_INFORMATION_S3/SEED_03,2,INTERMEDIATE_INFORMATION_S3,AMBIGUOUS,2026080123,1,LA1_3_ARA_B1,26,0.025365853658536587,0.159523044298608,0.159523044298608,,,AMBIGUOUS,False,RISK_CONSERVATIVE,1,26,0.025365853658536587,3,9026080123,,55ce6260f73dea2fa852368b584b26c13eca2a4c9c0c120ebb56e16db5fe408f,,,,0.30666062318991155,0.30666062318991155
1025,1.0,INTERMEDIATE_INFORMATION_S3/SEED_03,2,INTERMEDIATE_INFORMATION_S3,AMBIGUOUS,2026080123,1,LA1_3_ARA_B1,26,0.025365853658536587,0.159523044298608,0.159523044298608,,,AMBIGUOUS,False,RISK_CONSERVATIVE,1,26,0.025365853658536587,3,9026080123,,55ce6260f73dea2fa852368b584b26c13eca2a4c9c0c120ebb56e16db5fe408f,,,,0.30666062318991155,0.30666062318991155
102,0.1,INTERMEDIATE_INFORMATION_S3/SEED_03,5,INTERMEDIATE_INFORMATION_S3,ABSTAIN,2026080123,4,LA1_3_ARA_B1,102,0.09951219512195122,0.159523044298608,0.159523044298608,,,ABSTAIN,True,BALANCED,1,102,0.09951219512195122,3,9026080123,,ef117140613d103645353dbf7fcb66361c67f4301ab642c6d5a116f3dfad412e,,,,0.28464065329141935,0.28464065329141935
205,0.2,INTERMEDIATE_INFORMATION_S3/SEED_03,9,INTERMEDIATE_INFORMATION_S3,ABSTAIN,2026080123,8,LA1_3_ARA_B1,205,0.2,0.159523044298608,0.159523044298608,,,ABSTAIN,True,BALANCED,1,205,0.2,3,9026080123,,ef117140613d103645353dbf7fcb66361c67f4301ab642c6d5a116f3dfad412e,,,,0.25471579021971286,0.25471579021971286
358,0.35,INTERMEDIATE_INFORMATION_S3/SEED_03,11,INTERMEDIATE_INFORMATION_S3,AMBIGUOUS,2026080123,9,LA1_3_ARA_B1,227,0.22146341463414634,0.24714015879182044,0.24714015879182044,,,AMBIGUOUS,False,BALANCED,2,227,0.22146341463414634,3,9026080123,,ef117140613d103645353dbf7fcb66361c67f4301ab642c6d5a116f3dfad412e,,,,0.24714015879182044,0.24714015879182044
512,0.5,INTERMEDIATE_INFORMATION_S3/SEED_03,11,INTERMEDIATE_INFORMATION_S3,AMBIGUOUS,2026080123,9,LA1_3_ARA_B1,227,0.22146341463414634,0.24714015879182044,0.24714015879182044,,,AMBIGUOUS,False,BALANCED,2,227,0.22146341463414634,3,9026080123,,ef117140613d103645353dbf7fcb66361c67f4301ab642c6d5a116f3dfad412e,,,,0.24714015879182044,0.24714015879182044
768,0.75,INTERMEDIATE_INFORMATION_S3/SEED_03,11,INTERMEDIATE_INFORMATION_S3,AMBIGUOUS,2026080123,9,LA1_3_ARA_B1,227,0.22146341463414634,0.24714015879182044,0.24714015879182044,,,AMBIGUOUS,False,BALANCED,2,227,0.22146341463414634,3,9026080123,,ef117140613d103645353dbf7fcb66361c67f4301ab642c6d5a116f3dfad412e,,,,0.24714015879182044,0.24714015879182044
1025,1.0,INTERMEDIATE_INFORMATION_S3/SEED_03,11,INTERMEDIATE_INFORMATION_S3,AMBIGUOUS,2026080123,9,LA1_3_ARA_B1,227,0.22146341463414634,0.24714015879182044,0.24714015879182044,,,AMBIGUOUS,False,BALANCED,2,227,0.22146341463414634,3,9026080123,,ef117140613d103645353dbf7fcb66361c67f4301ab642c6d5a116f3dfad412e,,,,0.24714015879182044,0.24714015879182044
102,0.1,INTERMEDIATE_INFORMATION_S3/SEED_03,4,INTERMEDIATE_INFORMATION_S3,AMBIGUOUS,2026080123,3,LA1_3_ARA_B1,76,0.07414634146341463,0.15158195430177032,0.15158195430177032,,,AMBIGUOUS,False,RESOLUTION_FAVORING,1,76,0.07414634146341463,3,9026080123,,67ab2d6af10984916ce56746de72951f839c5babd30f8da310b6f4511288e16f,,,,0.2920225733508343,0.2920225733508343
205,0.2,INTERMEDIATE_INFORMATION_S3/SEED_03,4,INTERMEDIATE_INFORMATION_S3,AMBIGUOUS,2026080123,3,LA1_3_ARA_B1,76,0.07414634146341463,0.15158195430177032,0.15158195430177032,,,AMBIGUOUS,False,RESOLUTION_FAVORING,1,76,0.07414634146341463,3,9026080123,,67ab2d6af10984916ce56746de72951f839c5babd30f8da310b6f4511288e16f,,,,0.2920225733508343,0.2920225733508343
358,0.35,INTERMEDIATE_INFORMATION_S3/SEED_03,4,INTERMEDIATE_INFORMATION_S3,AMBIGUOUS,2026080123,3,LA1_3_ARA_B1,76,0.07414634146341463,0.15158195430177032,0.15158195430177032,,,AMBIGUOUS,False,RESOLUTION_FAVORING,1,76,0.07414634146341463,3,9026080123,,67ab2d6af10984916ce56746de72951f839c5babd30f8da310b6f4511288e16f,,,,0.2920225733508343,0.2920225733508343
512,0.5,INTERMEDIATE_INFORMATION_S3/SEED_03,4,INTERMEDIATE_INFORMATION_S3,AMBIGUOUS,2026080123,3,LA1_3_ARA_B1,76,0.07414634146341463,0.15158195430177032,0.15158195430177032,,,AMBIGUOUS,False,RESOLUTION_FAVORING,1,76,0.07414634146341463,3,9026080123,,67ab2d6af10984916ce56746de72951f839c5babd30f8da310b6f4511288e16f,,,,0.2920225733508343,0.2920225733508343
768,0.75,INTERMEDIATE_INFORMATION_S3/SEED_03,4,INTERMEDIATE_INFORMATION_S3,AMBIGUOUS,2026080123,3,LA1_3_ARA_B1,76,0.07414634146341463,0.15158195430177032,0.15158195430177032,,,AMBIGUOUS,False,RESOLUTION_FAVORING,1,76,0.07414634146341463,3,9026080123,,67ab2d6af10984916ce56746de72951f839c5babd30f8da310b6f4511288e16f,,,,0.2920225733508343,0.2920225733508343
1025,1.0,INTERMEDIATE_INFORMATION_S3/SEED_03,4,INTERMEDIATE_INFORMATION_S3,AMBIGUOUS,2026080123,3,LA1_3_ARA_B1,76,0.07414634146341463,0.15158195430177032,0.15158195430177032,,,AMBIGUOUS,False,RESOLUTION_FAVORING,1,76,0.07414634146341463,3,9026080123,,67ab2d6af10984916ce56746de72951f839c5babd30f8da310b6f4511288e16f,,,,0.2920225733508343,0.2920225733508343
102,0.1,INTERMEDIATE_INFORMATION_S3/SEED_04,4,INTERMEDIATE_INFORMATION_S3,ABSTAIN,2026080124,4,LA1_3_ARA_B1,102,0.09951219512195122,0.0,0.0,,,ABSTAIN,True,RISK_CONSERVATIVE,0,102,0.09951219512195122,4,9026080124,,3420adab2d72b8557188ab9c0ce2559c303391d8be7b8ca2aea919c2e9eb8702,,,,0.28464065329141935,0.28464065329141935
205,0.2,INTERMEDIATE_INFORMATION_S3/SEED_04,8,INTERMEDIATE_INFORMATION_S3,ABSTAIN,2026080124,8,LA1_3_ARA_B1,205,0.2,0.0,0.0,,,ABSTAIN,True,RISK_CONSERVATIVE,0,205,0.2,4,9026080124,,3420adab2d72b8557188ab9c0ce2559c303391d8be7b8ca2aea919c2e9eb8702,,,,0.25471579021971286,0.25471579021971286
358,0.35,INTERMEDIATE_INFORMATION_S3/SEED_04,14,INTERMEDIATE_INFORMATION_S3,ABSTAIN,2026080124,14,LA1_3_ARA_B1,358,0.3492682926829268,0.0,0.0,,,ABSTAIN,True,RISK_CONSERVATIVE,0,358,0.3492682926829268,4,9026080124,,3420adab2d72b8557188ab9c0ce2559c303391d8be7b8ca2aea919c2e9eb8702,,,,0.20874612934582523,0.20874612934582523
512,0.5,INTERMEDIATE_INFORMATION_S3/SEED_04,20,INTERMEDIATE_INFORMATION_S3,ABSTAIN,2026080124,20,LA1_3_ARA_B1,512,0.4995121951219512,0.0,0.0,,,ABSTAIN,True,RISK_CONSERVATIVE,0,512,0.4995121951219512,4,9026080124,,3420adab2d72b8557188ab9c0ce2559c303391d8be7b8ca2aea919c2e9eb8702,,,,0.16167841068147518,0.16167841068147518
768,0.75,INTERMEDIATE_INFORMATION_S3/SEED_04,24,INTERMEDIATE_INFORMATION_S3,SECTOR_SAFE,2026080124,22,LA1_3_ARA_B1,552,0.5385365853658537,0.14578607792948173,0.14578607792948173,,,SECTOR_SAFE,False,RISK_CONSERVATIVE,2,552,0.5385365853658537,4,9026080124,,3420adab2d72b8557188ab9c0ce2559c303391d8be7b8ca2aea919c2e9eb8702,,,,0.14578607792948173,0.14578607792948173
1025,1.0,INTERMEDIATE_INFORMATION_S3/SEED_04,24,INTERMEDIATE_INFORMATION_S3,SECTOR_SAFE,2026080124,22,LA1_3_ARA_B1,552,0.5385365853658537,0.14578607792948173,0.14578607792948173,,,SECTOR_SAFE,False,RISK_CONSERVATIVE,2,552,0.5385365853658537,4,9026080124,,3420adab2d72b8557188ab9c0ce2559c303391d8be7b8ca2aea919c2e9eb8702,,,,0.14578607792948173,0.14578607792948173
102,0.1,INTERMEDIATE_INFORMATION_S3/SEED_04,4,INTERMEDIATE_INFORMATION_S3,ABSTAIN,2026080124,4,LA1_3_ARA_B1,102,0.09951219512195122,0.0,0.0,,,ABSTAIN,True,BALANCED,0,102,0.09951219512195122,4,9026080124,,6cc3b553cbcd2cf48d2dbaee11c559fe6a98a6dd3126f53c4336bf41d1354e81,,,,0.28464065329141935,0.28464065329141935
205,0.2,INTERMEDIATE_INFORMATION_S3/SEED_04,8,INTERMEDIATE_INFORMATION_S3,ABSTAIN,2026080124,8,LA1_3_ARA_B1,205,0.2,0.0,0.0,,,ABSTAIN,True,BALANCED,0,205,0.2,4,9026080124,,6cc3b553cbcd2cf48d2dbaee11c559fe6a98a6dd3126f53c4336bf41d1354e81,,,,0.25471579021971286,0.25471579021971286
358,0.35,INTERMEDIATE_INFORMATION_S3/SEED_04,14,INTERMEDIATE_INFORMATION_S3,ABSTAIN,2026080124,14,LA1_3_ARA_B1,358,0.3492682926829268,0.0,0.0,,,ABSTAIN,True,BALANCED,0,358,0.3492682926829268,4,9026080124,,6cc3b553cbcd2cf48d2dbaee11c559fe6a98a6dd3126f53c4336bf41d1354e81,,,,0.20874612934582523,0.20874612934582523
512,0.5,INTERMEDIATE_INFORMATION_S3/SEED_04,20,INTERMEDIATE_INFORMATION_S3,SECTOR_SAFE,2026080124,20,LA1_3_ARA_B1,512,0.4995121951219512,0.0,0.0,,,SECTOR_SAFE,True,BALANCED,0,512,0.4995121951219512,4,9026080124,,6cc3b553cbcd2cf48d2dbaee11c559fe6a98a6dd3126f53c4336bf41d1354e81,,,,0.16167841068147518,0.16167841068147518
768,0.75,INTERMEDIATE_INFORMATION_S3/SEED_04,28,INTERMEDIATE_INFORMATION_S3,FINE,2026080124,27,LA1_3_ARA_B1,676,0.6595121951219513,0.05726577774959142,0.05726577774959142,,,FINE,False,BALANCED,1,676,0.6595121951219513,4,9026080124,,6cc3b553cbcd2cf48d2dbaee11c559fe6a98a6dd3126f53c4336bf41d1354e81,,,,0.10569750191729438,0.10569750191729438
1025,1.0,INTERMEDIATE_INFORMATION_S3/SEED_04,28,INTERMEDIATE_INFORMATION_S3,FINE,2026080124,27,LA1_3_ARA_B1,676,0.6595121951219513,0.05726577774959142,0.05726577774959142,,,FINE,False,BALANCED,1,676,0.6595121951219513,4,9026080124,,6cc3b553cbcd2cf48d2dbaee11c559fe6a98a6dd3126f53c4336bf41d1354e81,,,,0.10569750191729438,0.10569750191729438
102,0.1,INTERMEDIATE_INFORMATION_S3/SEED_04,4,INTERMEDIATE_INFORMATION_S3,ABSTAIN,2026080124,4,LA1_3_ARA_B1,102,0.09951219512195122,0.0,0.0,,,ABSTAIN,True,RESOLUTION_FAVORING,0,102,0.09951219512195122,4,9026080124,,6173fe9e575b3826cfb722ce4db9b2f740f63d8f5e93e6534f2c5733dfb4f050,,,,0.28464065329141935,0.28464065329141935
205,0.2,INTERMEDIATE_INFORMATION_S3/SEED_04,8,INTERMEDIATE_INFORMATION_S3,ABSTAIN,2026080124,8,LA1_3_ARA_B1,205,0.2,0.0,0.0,,,ABSTAIN,True,RESOLUTION_FAVORING,0,205,0.2,4,9026080124,,6173fe9e575b3826cfb722ce4db9b2f740f63d8f5e93e6534f2c5733dfb4f050,,,,0.25471579021971286,0.25471579021971286
358,0.35,INTERMEDIATE_INFORMATION_S3/SEED_04,14,INTERMEDIATE_INFORMATION_S3,ABSTAIN,2026080124,14,LA1_3_ARA_B1,358,0.3492682926829268,0.0,0.0,,,ABSTAIN,True,RESOLUTION_FAVORING,0,358,0.3492682926829268,4,9026080124,,6173fe9e575b3826cfb722ce4db9b2f740f63d8f5e93e6534f2c5733dfb4f050,,,,0.20874612934582523,0.20874612934582523
512,0.5,INTERMEDIATE_INFORMATION_S3/SEED_04,20,INTERMEDIATE_INFORMATION_S3,ABSTAIN,2026080124,20,LA1_3_ARA_B1,512,0.4995121951219512,0.0,0.0,,,ABSTAIN,True,RESOLUTION_FAVORING,0,512,0.4995121951219512,4,9026080124,,6173fe9e575b3826cfb722ce4db9b2f740f63d8f5e93e6534f2c5733dfb4f050,,,,0.16167841068147518,0.16167841068147518
768,0.75,INTERMEDIATE_INFORMATION_S3/SEED_04,31,INTERMEDIATE_INFORMATION_S3,SECTOR_SAFE,2026080124,30,LA1_3_ARA_B1,768,0.7492682926829268,0.04098062005544465,0.04098062005544465,,,SECTOR_SAFE,True,RESOLUTION_FAVORING,1,768,0.7492682926829268,4,9026080124,,6173fe9e575b3826cfb722ce4db9b2f740f63d8f5e93e6534f2c5733dfb4f050,,,,0.08144591330483977,0.08144591330483977
1025,1.0,INTERMEDIATE_INFORMATION_S3/SEED_04,32,INTERMEDIATE_INFORMATION_S3,FINE,2026080124,31,LA1_3_ARA_B1,776,0.7570731707317073,0.04098062005544465,0.04098062005544465,,,FINE,False,RESOLUTION_FAVORING,1,776,0.7570731707317073,4,9026080124,,6173fe9e575b3826cfb722ce4db9b2f740f63d8f5e93e6534f2c5733dfb4f050,,,,0.07333610984891932,0.07333610984891932
102,0.1,INTERMEDIATE_INFORMATION_S3/SEED_05,1,INTERMEDIATE_INFORMATION_S3,AMBIGUOUS,2026080125,0,LA1_3_ARA_B1,1,0.000975609756097561,0.19450860634694486,0.19450860634694486,,,AMBIGUOUS,False,RISK_CONSERVATIVE,1,1,0.000975609756097561,5,9026080125,,820c7bf8b9e4f28a12891ee89d0d7f93ae598b5d01d74d26301eb22669cbf8ba,,,,0.313914915386629,0.313914915386629
205,0.2,INTERMEDIATE_INFORMATION_S3/SEED_05,1,INTERMEDIATE_INFORMATION_S3,AMBIGUOUS,2026080125,0,LA1_3_ARA_B1,1,0.000975609756097561,0.19450860634694486,0.19450860634694486,,,AMBIGUOUS,False,RISK_CONSERVATIVE,1,1,0.000975609756097561,5,9026080125,,820c7bf8b9e4f28a12891ee89d0d7f93ae598b5d01d74d26301eb22669cbf8ba,,,,0.313914915386629,0.313914915386629
358,0.35,INTERMEDIATE_INFORMATION_S3/SEED_05,1,INTERMEDIATE_INFORMATION_S3,AMBIGUOUS,2026080125,0,LA1_3_ARA_B1,1,0.000975609756097561,0.19450860634694486,0.19450860634694486,,,AMBIGUOUS,False,RISK_CONSERVATIVE,1,1,0.000975609756097561,5,9026080125,,820c7bf8b9e4f28a12891ee89d0d7f93ae598b5d01d74d26301eb22669cbf8ba,,,,0.313914915386629,0.313914915386629
512,0.5,INTERMEDIATE_INFORMATION_S3/SEED_05,1,INTERMEDIATE_INFORMATION_S3,AMBIGUOUS,2026080125,0,LA1_3_ARA_B1,1,0.000975609756097561,0.19450860634694486,0.19450860634694486,,,AMBIGUOUS,False,RISK_CONSERVATIVE,1,1,0.000975609756097561,5,9026080125,,820c7bf8b9e4f28a12891ee89d0d7f93ae598b5d01d74d26301eb22669cbf8ba,,,,0.313914915386629,0.313914915386629
768,0.75,INTERMEDIATE_INFORMATION_S3/SEED_05,1,INTERMEDIATE_INFORMATION_S3,AMBIGUOUS,2026080125,0,LA1_3_ARA_B1,1,0.000975609756097561,0.19450860634694486,0.19450860634694486,,,AMBIGUOUS,False,RISK_CONSERVATIVE,1,1,0.000975609756097561,5,9026080125,,820c7bf8b9e4f28a12891ee89d0d7f93ae598b5d01d74d26301eb22669cbf8ba,,,,0.313914915386629,0.313914915386629
1025,1.0,INTERMEDIATE_INFORMATION_S3/SEED_05,1,INTERMEDIATE_INFORMATION_S3,AMBIGUOUS,2026080125,0,LA1_3_ARA_B1,1,0.000975609756097561,0.19450860634694486,0.19450860634694486,,,AMBIGUOUS,False,RISK_CONSERVATIVE,1,1,0.000975609756097561,5,9026080125,,820c7bf8b9e4f28a12891ee89d0d7f93ae598b5d01d74d26301eb22669cbf8ba,,,,0.313914915386629,0.313914915386629
102,0.1,INTERMEDIATE_INFORMATION_S3/SEED_05,1,INTERMEDIATE_INFORMATION_S3,AMBIGUOUS,2026080125,0,LA1_3_ARA_B1,1,0.000975609756097561,0.19450860634694486,0.19450860634694486,,,AMBIGUOUS,False,BALANCED,1,1,0.000975609756097561,5,9026080125,,a7a95b99c4275c7e664391f86e58af9c8211fd0025e0c8fddf293b788ee8889e,,,,0.313914915386629,0.313914915386629
205,0.2,INTERMEDIATE_INFORMATION_S3/SEED_05,1,INTERMEDIATE_INFORMATION_S3,AMBIGUOUS,2026080125,0,LA1_3_ARA_B1,1,0.000975609756097561,0.19450860634694486,0.19450860634694486,,,AMBIGUOUS,False,BALANCED,1,1,0.000975609756097561,5,9026080125,,a7a95b99c4275c7e664391f86e58af9c8211fd0025e0c8fddf293b788ee8889e,,,,0.313914915386629,0.313914915386629
358,0.35,INTERMEDIATE_INFORMATION_S3/SEED_05,1,INTERMEDIATE_INFORMATION_S3,AMBIGUOUS,2026080125,0,LA1_3_ARA_B1,1,0.000975609756097561,0.19450860634694486,0.19450860634694486,,,AMBIGUOUS,False,BALANCED,1,1,0.000975609756097561,5,9026080125,,a7a95b99c4275c7e664391f86e58af9c8211fd0025e0c8fddf293b788ee8889e,,,,0.313914915386629,0.313914915386629
512,0.5,INTERMEDIATE_INFORMATION_S3/SEED_05,1,INTERMEDIATE_INFORMATION_S3,AMBIGUOUS,2026080125,0,LA1_3_ARA_B1,1,0.000975609756097561,0.19450860634694486,0.19450860634694486,,,AMBIGUOUS,False,BALANCED,1,1,0.000975609756097561,5,9026080125,,a7a95b99c4275c7e664391f86e58af9c8211fd0025e0c8fddf293b788ee8889e,,,,0.313914915386629,0.313914915386629
768,0.75,INTERMEDIATE_INFORMATION_S3/SEED_05,1,INTERMEDIATE_INFORMATION_S3,AMBIGUOUS,2026080125,0,LA1_3_ARA_B1,1,0.000975609756097561,0.19450860634694486,0.19450860634694486,,,AMBIGUOUS,False,BALANCED,1,1,0.000975609756097561,5,9026080125,,a7a95b99c4275c7e664391f86e58af9c8211fd0025e0c8fddf293b788ee8889e,,,,0.313914915386629,0.313914915386629
1025,1.0,INTERMEDIATE_INFORMATION_S3/SEED_05,1,INTERMEDIATE_INFORMATION_S3,AMBIGUOUS,2026080125,0,LA1_3_ARA_B1,1,0.000975609756097561,0.19450860634694486,0.19450860634694486,,,AMBIGUOUS,False,BALANCED,1,1,0.000975609756097561,5,9026080125,,a7a95b99c4275c7e664391f86e58af9c8211fd0025e0c8fddf293b788ee8889e,,,,0.313914915386629,0.313914915386629
102,0.1,INTERMEDIATE_INFORMATION_S3/SEED_05,2,INTERMEDIATE_INFORMATION_S3,AMBIGUOUS,2026080125,1,LA1_3_ARA_B1,26,0.025365853658536587,0.18668092824928872,0.18668092824928872,,,AMBIGUOUS,False,RESOLUTION_FAVORING,1,26,0.025365853658536587,5,9026080125,,b0066f7027875b9040eae3e198ba6d838748d344b5eb699cb2d82ae10098dbe8,,,,0.30666062318991155,0.30666062318991155
205,0.2,INTERMEDIATE_INFORMATION_S3/SEED_05,2,INTERMEDIATE_INFORMATION_S3,AMBIGUOUS,2026080125,1,LA1_3_ARA_B1,26,0.025365853658536587,0.18668092824928872,0.18668092824928872,,,AMBIGUOUS,False,RESOLUTION_FAVORING,1,26,0.025365853658536587,5,9026080125,,b0066f7027875b9040eae3e198ba6d838748d344b5eb699cb2d82ae10098dbe8,,,,0.30666062318991155,0.30666062318991155
358,0.35,INTERMEDIATE_INFORMATION_S3/SEED_05,2,INTERMEDIATE_INFORMATION_S3,AMBIGUOUS,2026080125,1,LA1_3_ARA_B1,26,0.025365853658536587,0.18668092824928872,0.18668092824928872,,,AMBIGUOUS,False,RESOLUTION_FAVORING,1,26,0.025365853658536587,5,9026080125,,b0066f7027875b9040eae3e198ba6d838748d344b5eb699cb2d82ae10098dbe8,,,,0.30666062318991155,0.30666062318991155
512,0.5,INTERMEDIATE_INFORMATION_S3/SEED_05,2,INTERMEDIATE_INFORMATION_S3,AMBIGUOUS,2026080125,1,LA1_3_ARA_B1,26,0.025365853658536587,0.18668092824928872,0.18668092824928872,,,AMBIGUOUS,False,RESOLUTION_FAVORING,1,26,0.025365853658536587,5,9026080125,,b0066f7027875b9040eae3e198ba6d838748d344b5eb699cb2d82ae10098dbe8,,,,0.30666062318991155,0.30666062318991155
768,0.75,INTERMEDIATE_INFORMATION_S3/SEED_05,2,INTERMEDIATE_INFORMATION_S3,AMBIGUOUS,2026080125,1,LA1_3_ARA_B1,26,0.025365853658536587,0.18668092824928872,0.18668092824928872,,,AMBIGUOUS,False,RESOLUTION_FAVORING,1,26,0.025365853658536587,5,9026080125,,b0066f7027875b9040eae3e198ba6d838748d344b5eb699cb2d82ae10098dbe8,,,,0.30666062318991155,0.30666062318991155
1025,1.0,INTERMEDIATE_INFORMATION_S3/SEED_05,2,INTERMEDIATE_INFORMATION_S3,AMBIGUOUS,2026080125,1,LA1_3_ARA_B1,26,0.025365853658536587,0.18668092824928872,0.18668092824928872,,,AMBIGUOUS,False,RESOLUTION_FAVORING,1,26,0.025365853658536587,5,9026080125,,b0066f7027875b9040eae3e198ba6d838748d344b5eb699cb2d82ae10098dbe8,,,,0.30666062318991155,0.30666062318991155
102,0.1,INTERMEDIATE_INFORMATION_S3/SEED_06,3,INTERMEDIATE_INFORMATION_S3,AMBIGUOUS,2026080126,2,LA1_3_ARA_B1,51,0.04975609756097561,0.17748024962116718,0.17748024962116718,,,AMBIGUOUS,False,RISK_CONSERVATIVE,1,51,0.04975609756097561,6,9026080126,,c4ea9a338984d7591a066e69e9fcae888efdf27a0fcae39182dd5fc161f59043,,,,0.2993628720635132,0.2993628720635132
205,0.2,INTERMEDIATE_INFORMATION_S3/SEED_06,3,INTERMEDIATE_INFORMATION_S3,AMBIGUOUS,2026080126,2,LA1_3_ARA_B1,51,0.04975609756097561,0.17748024962116718,0.17748024962116718,,,AMBIGUOUS,False,RISK_CONSERVATIVE,1,51,0.04975609756097561,6,9026080126,,c4ea9a338984d7591a066e69e9fcae888efdf27a0fcae39182dd5fc161f59043,,,,0.2993628720635132,0.2993628720635132
358,0.35,INTERMEDIATE_INFORMATION_S3/SEED_06,3,INTERMEDIATE_INFORMATION_S3,AMBIGUOUS,2026080126,2,LA1_3_ARA_B1,51,0.04975609756097561,0.17748024962116718,0.17748024962116718,,,AMBIGUOUS,False,RISK_CONSERVATIVE,1,51,0.04975609756097561,6,9026080126,,c4ea9a338984d7591a066e69e9fcae888efdf27a0fcae39182dd5fc161f59043,,,,0.2993628720635132,0.2993628720635132
512,0.5,INTERMEDIATE_INFORMATION_S3/SEED_06,3,INTERMEDIATE_INFORMATION_S3,AMBIGUOUS,2026080126,2,LA1_3_ARA_B1,51,0.04975609756097561,0.17748024962116718,0.17748024962116718,,,AMBIGUOUS,False,RISK_CONSERVATIVE,1,51,0.04975609756097561,6,9026080126,,c4ea9a338984d7591a066e69e9fcae888efdf27a0fcae39182dd5fc161f59043,,,,0.2993628720635132,0.2993628720635132
768,0.75,INTERMEDIATE_INFORMATION_S3/SEED_06,3,INTERMEDIATE_INFORMATION_S3,AMBIGUOUS,2026080126,2,LA1_3_ARA_B1,51,0.04975609756097561,0.17748024962116718,0.17748024962116718,,,AMBIGUOUS,False,RISK_CONSERVATIVE,1,51,0.04975609756097561,6,9026080126,,c4ea9a338984d7591a066e69e9fcae888efdf27a0fcae39182dd5fc161f59043,,,,0.2993628720635132,0.2993628720635132
1025,1.0,INTERMEDIATE_INFORMATION_S3/SEED_06,3,INTERMEDIATE_INFORMATION_S3,AMBIGUOUS,2026080126,2,LA1_3_ARA_B1,51,0.04975609756097561,0.17748024962116718,0.17748024962116718,,,AMBIGUOUS,False,RISK_CONSERVATIVE,1,51,0.04975609756097561,6,9026080126,,c4ea9a338984d7591a066e69e9fcae888efdf27a0fcae39182dd5fc161f59043,,,,0.2993628720635132,0.2993628720635132
102,0.1,INTERMEDIATE_INFORMATION_S3/SEED_06,5,INTERMEDIATE_INFORMATION_S3,ABSTAIN,2026080126,4,LA1_3_ARA_B1,102,0.09951219512195122,0.16959439473273352,0.16959439473273352,,,ABSTAIN,True,BALANCED,1,102,0.09951219512195122,6,9026080126,,9e3e043605d782110a2389ffbcff39e6dd4f8859a07f9512bdecce61351cbee6,,,,0.28464065329141935,0.28464065329141935
205,0.2,INTERMEDIATE_INFORMATION_S3/SEED_06,9,INTERMEDIATE_INFORMATION_S3,ABSTAIN,2026080126,8,LA1_3_ARA_B1,205,0.2,0.16959439473273352,0.16959439473273352,,,ABSTAIN,True,BALANCED,1,205,0.2,6,9026080126,,9e3e043605d782110a2389ffbcff39e6dd4f8859a07f9512bdecce61351cbee6,,,,0.2547157902197124,0.2547157902197124
358,0.35,INTERMEDIATE_INFORMATION_S3/SEED_06,14,INTERMEDIATE_INFORMATION_S3,AMBIGUOUS,2026080126,12,LA1_3_ARA_B1,302,0.2946341463414634,0.22420276454878674,0.22420276454878674,,,AMBIGUOUS,False,BALANCED,2,302,0.2946341463414634,6,9026080126,,9e3e043605d782110a2389ffbcff39e6dd4f8859a07f9512bdecce61351cbee6,,,,0.22420276454878674,0.22420276454878674
512,0.5,INTERMEDIATE_INFORMATION_S3/SEED_06,14,INTERMEDIATE_INFORMATION_S3,AMBIGUOUS,2026080126,12,LA1_3_ARA_B1,302,0.2946341463414634,0.22420276454878674,0.22420276454878674,,,AMBIGUOUS,False,BALANCED,2,302,0.2946341463414634,6,9026080126,,9e3e043605d782110a2389ffbcff39e6dd4f8859a07f9512bdecce61351cbee6,,,,0.22420276454878674,0.22420276454878674
768,0.75,INTERMEDIATE_INFORMATION_S3/SEED_06,14,INTERMEDIATE_INFORMATION_S3,AMBIGUOUS,2026080126,12,LA1_3_ARA_B1,302,0.2946341463414634,0.22420276454878674,0.22420276454878674,,,AMBIGUOUS,False,BALANCED,2,302,0.2946341463414634,6,9026080126,,9e3e043605d782110a2389ffbcff39e6dd4f8859a07f9512bdecce61351cbee6,,,,0.22420276454878674,0.22420276454878674
1025,1.0,INTERMEDIATE_INFORMATION_S3/SEED_06,14,INTERMEDIATE_INFORMATION_S3,AMBIGUOUS,2026080126,12,LA1_3_ARA_B1,302,0.2946341463414634,0.22420276454878674,0.22420276454878674,,,AMBIGUOUS,False,BALANCED,2,302,0.2946341463414634,6,9026080126,,9e3e043605d782110a2389ffbcff39e6dd4f8859a07f9512bdecce61351cbee6,,,,0.22420276454878674,0.22420276454878674
102,0.1,INTERMEDIATE_INFORMATION_S3/SEED_06,4,INTERMEDIATE_INFORMATION_S3,ABSTAIN,2026080126,4,LA1_3_ARA_B1,102,0.09951219512195122,0.0,0.0,,,ABSTAIN,True,RESOLUTION_FAVORING,0,102,0.09951219512195122,6,9026080126,,e4a5f2df0d6aca6bf6b993e0f438d7c94e82235d6944c074a0d003df765c08f7,,,,0.28464065329141935,0.28464065329141935
205,0.2,INTERMEDIATE_INFORMATION_S3/SEED_06,6,INTERMEDIATE_INFORMATION_S3,AMBIGUOUS,2026080126,5,LA1_3_ARA_B1,126,0.12292682926829268,0.15374874025598187,0.15374874025598187,,,AMBIGUOUS,False,RESOLUTION_FAVORING,1,126,0.12292682926829268,6,9026080126,,e4a5f2df0d6aca6bf6b993e0f438d7c94e82235d6944c074a0d003df765c08f7,,,,0.27721805274834327,0.27721805274834327
358,0.35,INTERMEDIATE_INFORMATION_S3/SEED_06,6,INTERMEDIATE_INFORMATION_S3,AMBIGUOUS,2026080126,5,LA1_3_ARA_B1,126,0.12292682926829268,0.15374874025598187,0.15374874025598187,,,AMBIGUOUS,False,RESOLUTION_FAVORING,1,126,0.12292682926829268,6,9026080126,,e4a5f2df0d6aca6bf6b993e0f438d7c94e82235d6944c074a0d003df765c08f7,,,,0.27721805274834327,0.27721805274834327
512,0.5,INTERMEDIATE_INFORMATION_S3/SEED_06,6,INTERMEDIATE_INFORMATION_S3,AMBIGUOUS,2026080126,5,LA1_3_ARA_B1,126,0.12292682926829268,0.15374874025598187,0.15374874025598187,,,AMBIGUOUS,False,RESOLUTION_FAVORING,1,126,0.12292682926829268,6,9026080126,,e4a5f2df0d6aca6bf6b993e0f438d7c94e82235d6944c074a0d003df765c08f7,,,,0.27721805274834327,0.27721805274834327
768,0.75,INTERMEDIATE_INFORMATION_S3/SEED_06,6,INTERMEDIATE_INFORMATION_S3,AMBIGUOUS,2026080126,5,LA1_3_ARA_B1,126,0.12292682926829268,0.15374874025598187,0.15374874025598187,,,AMBIGUOUS,False,RESOLUTION_FAVORING,1,126,0.12292682926829268,6,9026080126,,e4a5f2df0d6aca6bf6b993e0f438d7c94e82235d6944c074a0d003df765c08f7,,,,0.27721805274834327,0.27721805274834327
1025,1.0,INTERMEDIATE_INFORMATION_S3/SEED_06,6,INTERMEDIATE_INFORMATION_S3,AMBIGUOUS,2026080126,5,LA1_3_ARA_B1,126,0.12292682926829268,0.15374874025598187,0.15374874025598187,,,AMBIGUOUS,False,RESOLUTION_FAVORING,1,126,0.12292682926829268,6,9026080126,,e4a5f2df0d6aca6bf6b993e0f438d7c94e82235d6944c074a0d003df765c08f7,,,,0.27721805274834327,0.27721805274834327
36,0.1,HIGH_INFORMATION_R3/SEED_01,4,HIGH_INFORMATION_R3,ABSTAIN,2026080131,4,LA1_3_ARA_B1,36,0.0975609756097561,0.0,0.0,,,ABSTAIN,False,RISK_CONSERVATIVE,0,36,0.0975609756097561,1,9026080131,,b91dedaeadd5e747206c8a15ba019879f675a523f5327d8253fe0975c8d806b9,,,,0.28464065329141935,0.28464065329141935
73,0.2,HIGH_INFORMATION_R3/SEED_01,8,HIGH_INFORMATION_R3,ABSTAIN,2026080131,8,LA1_3_ARA_B1,73,0.1978319783197832,0.0,0.0,,,ABSTAIN,True,RISK_CONSERVATIVE,0,73,0.1978319783197832,1,9026080131,,b91dedaeadd5e747206c8a15ba019879f675a523f5327d8253fe0975c8d806b9,,,,0.2547157902197124,0.2547157902197124
129,0.35,HIGH_INFORMATION_R3/SEED_01,14,HIGH_INFORMATION_R3,ABSTAIN,2026080131,14,LA1_3_ARA_B1,129,0.34959349593495936,0.0,0.0,,,ABSTAIN,True,RISK_CONSERVATIVE,0,129,0.34959349593495936,1,9026080131,,b91dedaeadd5e747206c8a15ba019879f675a523f5327d8253fe0975c8d806b9,,,,0.20874612934582523,0.20874612934582523
184,0.5,HIGH_INFORMATION_R3/SEED_01,20,HIGH_INFORMATION_R3,ABSTAIN,2026080131,20,LA1_3_ARA_B1,184,0.4986449864498645,0.0,0.0,,,ABSTAIN,True,RISK_CONSERVATIVE,0,184,0.4986449864498645,1,9026080131,,b91dedaeadd5e747206c8a15ba019879f675a523f5327d8253fe0975c8d806b9,,,,0.16167841068147518,0.16167841068147518
276,0.75,HIGH_INFORMATION_R3/SEED_01,25,HIGH_INFORMATION_R3,FINE,2026080131,25,LA1_3_ARA_B1,225,0.6097560975609756,0.0,0.0,,,FINE,False,RISK_CONSERVATIVE,0,225,0.6097560975609756,1,9026080131,,b91dedaeadd5e747206c8a15ba019879f675a523f5327d8253fe0975c8d806b9,,,,0.12178844376954726,0.12178844376954726
369,1.0,HIGH_INFORMATION_R3/SEED_01,25,HIGH_INFORMATION_R3,FINE,2026080131,25,LA1_3_ARA_B1,225,0.6097560975609756,0.0,0.0,,,FINE,False,RISK_CONSERVATIVE,0,225,0.6097560975609756,1,9026080131,,b91dedaeadd5e747206c8a15ba019879f675a523f5327d8253fe0975c8d806b9,,,,0.12178844376954726,0.12178844376954726
36,0.1,HIGH_INFORMATION_R3/SEED_01,4,HIGH_INFORMATION_R3,ABSTAIN,2026080131,4,LA1_3_ARA_B1,36,0.0975609756097561,0.0,0.0,,,ABSTAIN,False,BALANCED,0,36,0.0975609756097561,1,9026080131,,23b4b6cee8877844d6641d4e4d73ccdafbc802fc922102e0597a81e19119dd37,,,,0.28464065329141935,0.28464065329141935
73,0.2,HIGH_INFORMATION_R3/SEED_01,8,HIGH_INFORMATION_R3,ABSTAIN,2026080131,8,LA1_3_ARA_B1,73,0.1978319783197832,0.0,0.0,,,ABSTAIN,True,BALANCED,0,73,0.1978319783197832,1,9026080131,,23b4b6cee8877844d6641d4e4d73ccdafbc802fc922102e0597a81e19119dd37,,,,0.2547157902197124,0.2547157902197124
129,0.35,HIGH_INFORMATION_R3/SEED_01,14,HIGH_INFORMATION_R3,ABSTAIN,2026080131,14,LA1_3_ARA_B1,129,0.34959349593495936,0.0,0.0,,,ABSTAIN,True,BALANCED,0,129,0.34959349593495936,1,9026080131,,23b4b6cee8877844d6641d4e4d73ccdafbc802fc922102e0597a81e19119dd37,,,,0.20874612934582523,0.20874612934582523
184,0.5,HIGH_INFORMATION_R3/SEED_01,20,HIGH_INFORMATION_R3,SECTOR_SAFE,2026080131,20,LA1_3_ARA_B1,184,0.4986449864498645,0.0,0.0,,,SECTOR_SAFE,True,BALANCED,0,184,0.4986449864498645,1,9026080131,,23b4b6cee8877844d6641d4e4d73ccdafbc802fc922102e0597a81e19119dd37,,,,0.16167841068147518,0.16167841068147518
276,0.75,HIGH_INFORMATION_R3/SEED_01,27,HIGH_INFORMATION_R3,FINE,2026080131,27,LA1_3_ARA_B1,243,0.6585365853658537,0.0,0.0,,,FINE,False,BALANCED,0,243,0.6585365853658537,1,9026080131,,23b4b6cee8877844d6641d4e4d73ccdafbc802fc922102e0597a81e19119dd37,,,,0.10569750191729543,0.10569750191729543
369,1.0,HIGH_INFORMATION_R3/SEED_01,27,HIGH_INFORMATION_R3,FINE,2026080131,27,LA1_3_ARA_B1,243,0.6585365853658537,0.0,0.0,,,FINE,False,BALANCED,0,243,0.6585365853658537,1,9026080131,,23b4b6cee8877844d6641d4e4d73ccdafbc802fc922102e0597a81e19119dd37,,,,0.10569750191729543,0.10569750191729543
36,0.1,HIGH_INFORMATION_R3/SEED_01,4,HIGH_INFORMATION_R3,ABSTAIN,2026080131,4,LA1_3_ARA_B1,36,0.0975609756097561,0.0,0.0,,,ABSTAIN,False,RESOLUTION_FAVORING,0,36,0.0975609756097561,1,9026080131,,25a00f989c08fceedc9c3e681da86d44aed35877a1c34c8681eae72dbf34524e,,,,0.28464065329141935,0.28464065329141935
73,0.2,HIGH_INFORMATION_R3/SEED_01,8,HIGH_INFORMATION_R3,ABSTAIN,2026080131,8,LA1_3_ARA_B1,73,0.1978319783197832,0.0,0.0,,,ABSTAIN,True,RESOLUTION_FAVORING,0,73,0.1978319783197832,1,9026080131,,25a00f989c08fceedc9c3e681da86d44aed35877a1c34c8681eae72dbf34524e,,,,0.2547157902197124,0.2547157902197124
129,0.35,HIGH_INFORMATION_R3/SEED_01,14,HIGH_INFORMATION_R3,ABSTAIN,2026080131,14,LA1_3_ARA_B1,129,0.34959349593495936,0.0,0.0,,,ABSTAIN,True,RESOLUTION_FAVORING,0,129,0.34959349593495936,1,9026080131,,25a00f989c08fceedc9c3e681da86d44aed35877a1c34c8681eae72dbf34524e,,,,0.20874612934582523,0.20874612934582523
184,0.5,HIGH_INFORMATION_R3/SEED_01,20,HIGH_INFORMATION_R3,ABSTAIN,2026080131,20,LA1_3_ARA_B1,184,0.4986449864498645,0.0,0.0,,,ABSTAIN,True,RESOLUTION_FAVORING,0,184,0.4986449864498645,1,9026080131,,25a00f989c08fceedc9c3e681da86d44aed35877a1c34c8681eae72dbf34524e,,,,0.16167841068147518,0.16167841068147518
276,0.75,HIGH_INFORMATION_R3/SEED_01,32,HIGH_INFORMATION_R3,SECTOR_SAFE,2026080131,30,LA1_3_ARA_B1,272,0.7371273712737128,0.08144591330483841,0.08144591330483841,,,SECTOR_SAFE,False,RESOLUTION_FAVORING,2,272,0.7371273712737128,1,9026080131,,25a00f989c08fceedc9c3e681da86d44aed35877a1c34c8681eae72dbf34524e,,,,0.08144591330483841,0.08144591330483841
369,1.0,HIGH_INFORMATION_R3/SEED_01,32,HIGH_INFORMATION_R3,SECTOR_SAFE,2026080131,30,LA1_3_ARA_B1,272,0.7371273712737128,0.08144591330483841,0.08144591330483841,,,SECTOR_SAFE,False,RESOLUTION_FAVORING,2,272,0.7371273712737128,1,9026080131,,25a00f989c08fceedc9c3e681da86d44aed35877a1c34c8681eae72dbf34524e,,,,0.08144591330483841,0.08144591330483841
36,0.1,HIGH_INFORMATION_R3/SEED_02,4,HIGH_INFORMATION_R3,ABSTAIN,2026080132,4,LA1_3_ARA_B1,36,0.0975609756097561,0.0,0.0,,,ABSTAIN,False,RISK_CONSERVATIVE,0,36,0.0975609756097561,2,9026080132,,806129080f21298e43359e22df70c87b37da6f75988c3c483a552b09074b60b1,,,,0.28464065329141935,0.28464065329141935
73,0.2,HIGH_INFORMATION_R3/SEED_02,8,HIGH_INFORMATION_R3,ABSTAIN,2026080132,8,LA1_3_ARA_B1,73,0.1978319783197832,0.0,0.0,,,ABSTAIN,True,RISK_CONSERVATIVE,0,73,0.1978319783197832,2,9026080132,,806129080f21298e43359e22df70c87b37da6f75988c3c483a552b09074b60b1,,,,0.2547157902197124,0.2547157902197124
129,0.35,HIGH_INFORMATION_R3/SEED_02,14,HIGH_INFORMATION_R3,ABSTAIN,2026080132,14,LA1_3_ARA_B1,129,0.34959349593495936,0.0,0.0,,,ABSTAIN,True,RISK_CONSERVATIVE,0,129,0.34959349593495936,2,9026080132,,806129080f21298e43359e22df70c87b37da6f75988c3c483a552b09074b60b1,,,,0.20874612934582576,0.20874612934582576
184,0.5,HIGH_INFORMATION_R3/SEED_02,20,HIGH_INFORMATION_R3,ABSTAIN,2026080132,20,LA1_3_ARA_B1,184,0.4986449864498645,0.0,0.0,,,ABSTAIN,True,RISK_CONSERVATIVE,0,184,0.4986449864498645,2,9026080132,,806129080f21298e43359e22df70c87b37da6f75988c3c483a552b09074b60b1,,,,0.1616784106814745,0.1616784106814745
276,0.75,HIGH_INFORMATION_R3/SEED_02,26,HIGH_INFORMATION_R3,SECTOR_SAFE,2026080132,24,LA1_3_ARA_B1,218,0.5907859078590786,0.12980732947049722,0.12980732947049722,,,SECTOR_SAFE,False,RISK_CONSERVATIVE,2,218,0.5907859078590786,2,9026080132,,806129080f21298e43359e22df70c87b37da6f75988c3c483a552b09074b60b1,,,,0.12980732947049722,0.12980732947049722
369,1.0,HIGH_INFORMATION_R3/SEED_02,26,HIGH_INFORMATION_R3,SECTOR_SAFE,2026080132,24,LA1_3_ARA_B1,218,0.5907859078590786,0.12980732947049722,0.12980732947049722,,,SECTOR_SAFE,False,RISK_CONSERVATIVE,2,218,0.5907859078590786,2,9026080132,,806129080f21298e43359e22df70c87b37da6f75988c3c483a552b09074b60b1,,,,0.12980732947049722,0.12980732947049722
36,0.1,HIGH_INFORMATION_R3/SEED_02,4,HIGH_INFORMATION_R3,ABSTAIN,2026080132,4,LA1_3_ARA_B1,36,0.0975609756097561,0.0,0.0,,,ABSTAIN,False,BALANCED,0,36,0.0975609756097561,2,9026080132,,be38d6d72f7bed7406a063ed6642b338ac4d3f69e64bd161894d173b4fc8a340,,,,0.28464065329141935,0.28464065329141935
73,0.2,HIGH_INFORMATION_R3/SEED_02,8,HIGH_INFORMATION_R3,ABSTAIN,2026080132,8,LA1_3_ARA_B1,73,0.1978319783197832,0.0,0.0,,,ABSTAIN,True,BALANCED,0,73,0.1978319783197832,2,9026080132,,be38d6d72f7bed7406a063ed6642b338ac4d3f69e64bd161894d173b4fc8a340,,,,0.2547157902197124,0.2547157902197124
129,0.35,HIGH_INFORMATION_R3/SEED_02,14,HIGH_INFORMATION_R3,ABSTAIN,2026080132,14,LA1_3_ARA_B1,129,0.34959349593495936,0.0,0.0,,,ABSTAIN,True,BALANCED,0,129,0.34959349593495936,2,9026080132,,be38d6d72f7bed7406a063ed6642b338ac4d3f69e64bd161894d173b4fc8a340,,,,0.20874612934582576,0.20874612934582576
184,0.5,HIGH_INFORMATION_R3/SEED_02,20,HIGH_INFORMATION_R3,SECTOR_SAFE,2026080132,20,LA1_3_ARA_B1,184,0.4986449864498645,0.0,0.0,,,SECTOR_SAFE,True,BALANCED,0,184,0.4986449864498645,2,9026080132,,be38d6d72f7bed7406a063ed6642b338ac4d3f69e64bd161894d173b4fc8a340,,,,0.1616784106814745,0.1616784106814745
276,0.75,HIGH_INFORMATION_R3/SEED_02,28,HIGH_INFORMATION_R3,SECTOR_SAFE,2026080132,26,LA1_3_ARA_B1,236,0.6395663956639567,0.11375144216247951,0.11375144216247951,,,SECTOR_SAFE,False,BALANCED,2,236,0.6395663956639567,2,9026080132,,be38d6d72f7bed7406a063ed6642b338ac4d3f69e64bd161894d173b4fc8a340,,,,0.11375144216247951,0.11375144216247951
369,1.0,HIGH_INFORMATION_R3/SEED_02,28,HIGH_INFORMATION_R3,SECTOR_SAFE,2026080132,26,LA1_3_ARA_B1,236,0.6395663956639567,0.11375144216247951,0.11375144216247951,,,SECTOR_SAFE,False,BALANCED,2,236,0.6395663956639567,2,9026080132,,be38d6d72f7bed7406a063ed6642b338ac4d3f69e64bd161894d173b4fc8a340,,,,0.11375144216247951,0.11375144216247951
36,0.1,HIGH_INFORMATION_R3/SEED_02,4,HIGH_INFORMATION_R3,ABSTAIN,2026080132,4,LA1_3_ARA_B1,36,0.0975609756097561,0.0,0.0,,,ABSTAIN,False,RESOLUTION_FAVORING,0,36,0.0975609756097561,2,9026080132,,836b1e1c12605bd787fd729257e6dbf81f79c3b1038299d97df95d8eca604d63,,,,0.28464065329141935,0.28464065329141935
73,0.2,HIGH_INFORMATION_R3/SEED_02,8,HIGH_INFORMATION_R3,ABSTAIN,2026080132,8,LA1_3_ARA_B1,73,0.1978319783197832,0.0,0.0,,,ABSTAIN,True,RESOLUTION_FAVORING,0,73,0.1978319783197832,2,9026080132,,836b1e1c12605bd787fd729257e6dbf81f79c3b1038299d97df95d8eca604d63,,,,0.2547157902197124,0.2547157902197124
129,0.35,HIGH_INFORMATION_R3/SEED_02,14,HIGH_INFORMATION_R3,ABSTAIN,2026080132,14,LA1_3_ARA_B1,129,0.34959349593495936,0.0,0.0,,,ABSTAIN,True,RESOLUTION_FAVORING,0,129,0.34959349593495936,2,9026080132,,836b1e1c12605bd787fd729257e6dbf81f79c3b1038299d97df95d8eca604d63,,,,0.20874612934582576,0.20874612934582576
184,0.5,HIGH_INFORMATION_R3/SEED_02,20,HIGH_INFORMATION_R3,ABSTAIN,2026080132,20,LA1_3_ARA_B1,184,0.4986449864498645,0.0,0.0,,,ABSTAIN,True,RESOLUTION_FAVORING,0,184,0.4986449864498645,2,9026080132,,836b1e1c12605bd787fd729257e6dbf81f79c3b1038299d97df95d8eca604d63,,,,0.1616784106814745,0.1616784106814745
276,0.75,HIGH_INFORMATION_R3/SEED_02,29,HIGH_INFORMATION_R3,SECTOR_SAFE,2026080132,27,LA1_3_ARA_B1,245,0.6639566395663956,0.10569750191729438,0.10569750191729438,,,SECTOR_SAFE,False,RESOLUTION_FAVORING,2,245,0.6639566395663956,2,9026080132,,836b1e1c12605bd787fd729257e6dbf81f79c3b1038299d97df95d8eca604d63,,,,0.10569750191729438,0.10569750191729438
369,1.0,HIGH_INFORMATION_R3/SEED_02,29,HIGH_INFORMATION_R3,SECTOR_SAFE,2026080132,27,LA1_3_ARA_B1,245,0.6639566395663956,0.10569750191729438,0.10569750191729438,,,SECTOR_SAFE,False,RESOLUTION_FAVORING,2,245,0.6639566395663956,2,9026080132,,836b1e1c12605bd787fd729257e6dbf81f79c3b1038299d97df95d8eca604d63,,,,0.10569750191729438,0.10569750191729438
36,0.1,HIGH_INFORMATION_R3/SEED_03,4,HIGH_INFORMATION_R3,ABSTAIN,2026080133,4,LA1_3_ARA_B1,36,0.0975609756097561,0.0,0.0,,,ABSTAIN,False,RISK_CONSERVATIVE,0,36,0.0975609756097561,3,9026080133,,40ba9ecf9ac5354df83021cacbffafa7faf25ae379b7dcc4561bbfd281269243,,,,0.28464065329141935,0.28464065329141935
73,0.2,HIGH_INFORMATION_R3/SEED_03,8,HIGH_INFORMATION_R3,ABSTAIN,2026080133,8,LA1_3_ARA_B1,73,0.1978319783197832,0.0,0.0,,,ABSTAIN,True,RISK_CONSERVATIVE,0,73,0.1978319783197832,3,9026080133,,40ba9ecf9ac5354df83021cacbffafa7faf25ae379b7dcc4561bbfd281269243,,,,0.2547157902197124,0.2547157902197124
129,0.35,HIGH_INFORMATION_R3/SEED_03,14,HIGH_INFORMATION_R3,ABSTAIN,2026080133,14,LA1_3_ARA_B1,129,0.34959349593495936,0.0,0.0,,,ABSTAIN,True,RISK_CONSERVATIVE,0,129,0.34959349593495936,3,9026080133,,40ba9ecf9ac5354df83021cacbffafa7faf25ae379b7dcc4561bbfd281269243,,,,0.20874612934582523,0.20874612934582523
184,0.5,HIGH_INFORMATION_R3/SEED_03,20,HIGH_INFORMATION_R3,ABSTAIN,2026080133,20,LA1_3_ARA_B1,184,0.4986449864498645,0.0,0.0,,,ABSTAIN,True,RISK_CONSERVATIVE,0,184,0.4986449864498645,3,9026080133,,40ba9ecf9ac5354df83021cacbffafa7faf25ae379b7dcc4561bbfd281269243,,,,0.16167841068147518,0.16167841068147518
276,0.75,HIGH_INFORMATION_R3/SEED_03,25,HIGH_INFORMATION_R3,FINE,2026080133,25,LA1_3_ARA_B1,225,0.6097560975609756,0.0,0.0,,,FINE,False,RISK_CONSERVATIVE,0,225,0.6097560975609756,3,9026080133,,40ba9ecf9ac5354df83021cacbffafa7faf25ae379b7dcc4561bbfd281269243,,,,0.12178844376954726,0.12178844376954726
369,1.0,HIGH_INFORMATION_R3/SEED_03,25,HIGH_INFORMATION_R3,FINE,2026080133,25,LA1_3_ARA_B1,225,0.6097560975609756,0.0,0.0,,,FINE,False,RISK_CONSERVATIVE,0,225,0.6097560975609756,3,9026080133,,40ba9ecf9ac5354df83021cacbffafa7faf25ae379b7dcc4561bbfd281269243,,,,0.12178844376954726,0.12178844376954726
36,0.1,HIGH_INFORMATION_R3/SEED_03,4,HIGH_INFORMATION_R3,ABSTAIN,2026080133,4,LA1_3_ARA_B1,36,0.0975609756097561,0.0,0.0,,,ABSTAIN,False,BALANCED,0,36,0.0975609756097561,3,9026080133,,805ceba84c75afac450374b6a334e690b2573a0606dcfef0546ac6d22e323fd8,,,,0.28464065329141935,0.28464065329141935
73,0.2,HIGH_INFORMATION_R3/SEED_03,8,HIGH_INFORMATION_R3,ABSTAIN,2026080133,8,LA1_3_ARA_B1,73,0.1978319783197832,0.0,0.0,,,ABSTAIN,True,BALANCED,0,73,0.1978319783197832,3,9026080133,,805ceba84c75afac450374b6a334e690b2573a0606dcfef0546ac6d22e323fd8,,,,0.2547157902197124,0.2547157902197124
129,0.35,HIGH_INFORMATION_R3/SEED_03,14,HIGH_INFORMATION_R3,ABSTAIN,2026080133,14,LA1_3_ARA_B1,129,0.34959349593495936,0.0,0.0,,,ABSTAIN,True,BALANCED,0,129,0.34959349593495936,3,9026080133,,805ceba84c75afac450374b6a334e690b2573a0606dcfef0546ac6d22e323fd8,,,,0.20874612934582523,0.20874612934582523
184,0.5,HIGH_INFORMATION_R3/SEED_03,20,HIGH_INFORMATION_R3,SECTOR_SAFE,2026080133,20,LA1_3_ARA_B1,184,0.4986449864498645,0.0,0.0,,,SECTOR_SAFE,True,BALANCED,0,184,0.4986449864498645,3,9026080133,,805ceba84c75afac450374b6a334e690b2573a0606dcfef0546ac6d22e323fd8,,,,0.16167841068147518,0.16167841068147518
276,0.75,HIGH_INFORMATION_R3/SEED_03,27,HIGH_INFORMATION_R3,FINE,2026080133,27,LA1_3_ARA_B1,243,0.6585365853658537,0.0,0.0,,,FINE,False,BALANCED,0,243,0.6585365853658537,3,9026080133,,805ceba84c75afac450374b6a334e690b2573a0606dcfef0546ac6d22e323fd8,,,,0.10569750191729543,0.10569750191729543
369,1.0,HIGH_INFORMATION_R3/SEED_03,27,HIGH_INFORMATION_R3,FINE,2026080133,27,LA1_3_ARA_B1,243,0.6585365853658537,0.0,0.0,,,FINE,False,BALANCED,0,243,0.6585365853658537,3,9026080133,,805ceba84c75afac450374b6a334e690b2573a0606dcfef0546ac6d22e323fd8,,,,0.10569750191729543,0.10569750191729543
36,0.1,HIGH_INFORMATION_R3/SEED_03,4,HIGH_INFORMATION_R3,ABSTAIN,2026080133,4,LA1_3_ARA_B1,36,0.0975609756097561,0.0,0.0,,,ABSTAIN,False,RESOLUTION_FAVORING,0,36,0.0975609756097561,3,9026080133,,4a7cbc7339ac80906a910767bb4127b1299983b0418b8071cc34bf46fb677a1a,,,,0.28464065329141935,0.28464065329141935
73,0.2,HIGH_INFORMATION_R3/SEED_03,8,HIGH_INFORMATION_R3,ABSTAIN,2026080133,8,LA1_3_ARA_B1,73,0.1978319783197832,0.0,0.0,,,ABSTAIN,True,RESOLUTION_FAVORING,0,73,0.1978319783197832,3,9026080133,,4a7cbc7339ac80906a910767bb4127b1299983b0418b8071cc34bf46fb677a1a,,,,0.2547157902197124,0.2547157902197124
129,0.35,HIGH_INFORMATION_R3/SEED_03,14,HIGH_INFORMATION_R3,ABSTAIN,2026080133,14,LA1_3_ARA_B1,129,0.34959349593495936,0.0,0.0,,,ABSTAIN,True,RESOLUTION_FAVORING,0,129,0.34959349593495936,3,9026080133,,4a7cbc7339ac80906a910767bb4127b1299983b0418b8071cc34bf46fb677a1a,,,,0.20874612934582523,0.20874612934582523
184,0.5,HIGH_INFORMATION_R3/SEED_03,20,HIGH_INFORMATION_R3,ABSTAIN,2026080133,20,LA1_3_ARA_B1,184,0.4986449864498645,0.0,0.0,,,ABSTAIN,True,RESOLUTION_FAVORING,0,184,0.4986449864498645,3,9026080133,,4a7cbc7339ac80906a910767bb4127b1299983b0418b8071cc34bf46fb677a1a,,,,0.16167841068147518,0.16167841068147518
276,0.75,HIGH_INFORMATION_R3/SEED_03,31,HIGH_INFORMATION_R3,SECTOR_SAFE,2026080133,30,LA1_3_ARA_B1,276,0.7479674796747967,0.041022391409100925,0.041022391409100925,,,SECTOR_SAFE,True,RESOLUTION_FAVORING,1,276,0.7479674796747967,3,9026080133,,4a7cbc7339ac80906a910767bb4127b1299983b0418b8071cc34bf46fb677a1a,,,,0.08144591330483841,0.08144591330483841
369,1.0,HIGH_INFORMATION_R3/SEED_03,32,HIGH_INFORMATION_R3,FINE,2026080133,31,LA1_3_ARA_B1,280,0.7588075880758808,0.041022391409100925,0.041022391409100925,,,FINE,False,RESOLUTION_FAVORING,1,280,0.7588075880758808,3,9026080133,,4a7cbc7339ac80906a910767bb4127b1299983b0418b8071cc34bf46fb677a1a,,,,0.07333610984891932,0.07333610984891932
36,0.1,HIGH_INFORMATION_R3/SEED_04,4,HIGH_INFORMATION_R3,ABSTAIN,2026080134,4,LA1_3_ARA_B1,36,0.0975609756097561,0.0,0.0,,,ABSTAIN,False,RISK_CONSERVATIVE,0,36,0.0975609756097561,4,9026080134,,106baf0f993b23db158a29f36d1ea6533e64143bce007e17b84a8212f9c4d19c,,,,0.28464065329141935,0.28464065329141935
73,0.2,HIGH_INFORMATION_R3/SEED_04,8,HIGH_INFORMATION_R3,ABSTAIN,2026080134,8,LA1_3_ARA_B1,73,0.1978319783197832,0.0,0.0,,,ABSTAIN,True,RISK_CONSERVATIVE,0,73,0.1978319783197832,4,9026080134,,106baf0f993b23db158a29f36d1ea6533e64143bce007e17b84a8212f9c4d19c,,,,0.25471579021971286,0.25471579021971286
129,0.35,HIGH_INFORMATION_R3/SEED_04,14,HIGH_INFORMATION_R3,ABSTAIN,2026080134,14,LA1_3_ARA_B1,129,0.34959349593495936,0.0,0.0,,,ABSTAIN,True,RISK_CONSERVATIVE,0,129,0.34959349593495936,4,9026080134,,106baf0f993b23db158a29f36d1ea6533e64143bce007e17b84a8212f9c4d19c,,,,0.20874612934582523,0.20874612934582523
184,0.5,HIGH_INFORMATION_R3/SEED_04,21,HIGH_INFORMATION_R3,ABSTAIN,2026080134,20,LA1_3_ARA_B1,184,0.4986449864498645,0.10469683489653536,0.10469683489653536,,,ABSTAIN,True,RISK_CONSERVATIVE,1,184,0.4986449864498645,4,9026080134,,106baf0f993b23db158a29f36d1ea6533e64143bce007e17b84a8212f9c4d19c,,,,0.16167841068147518,0.16167841068147518
276,0.75,HIGH_INFORMATION_R3/SEED_04,26,HIGH_INFORMATION_R3,SECTOR_SAFE,2026080134,24,LA1_3_ARA_B1,218,0.5907859078590786,0.12980732947049636,0.12980732947049636,,,SECTOR_SAFE,False,RISK_CONSERVATIVE,2,218,0.5907859078590786,4,9026080134,,106baf0f993b23db158a29f36d1ea6533e64143bce007e17b84a8212f9c4d19c,,,,0.12980732947049636,0.12980732947049636
369,1.0,HIGH_INFORMATION_R3/SEED_04,26,HIGH_INFORMATION_R3,SECTOR_SAFE,2026080134,24,LA1_3_ARA_B1,218,0.5907859078590786,0.12980732947049636,0.12980732947049636,,,SECTOR_SAFE,False,RISK_CONSERVATIVE,2,218,0.5907859078590786,4,9026080134,,106baf0f993b23db158a29f36d1ea6533e64143bce007e17b84a8212f9c4d19c,,,,0.12980732947049636,0.12980732947049636
36,0.1,HIGH_INFORMATION_R3/SEED_04,4,HIGH_INFORMATION_R3,ABSTAIN,2026080134,4,LA1_3_ARA_B1,36,0.0975609756097561,0.0,0.0,,,ABSTAIN,False,BALANCED,0,36,0.0975609756097561,4,9026080134,,14af8ff178dd7c3e6d5ed87ad3b96d3389a64a13c0294642d324c3bd395a0098,,,,0.28464065329141935,0.28464065329141935
73,0.2,HIGH_INFORMATION_R3/SEED_04,8,HIGH_INFORMATION_R3,ABSTAIN,2026080134,8,LA1_3_ARA_B1,73,0.1978319783197832,0.0,0.0,,,ABSTAIN,True,BALANCED,0,73,0.1978319783197832,4,9026080134,,14af8ff178dd7c3e6d5ed87ad3b96d3389a64a13c0294642d324c3bd395a0098,,,,0.25471579021971286,0.25471579021971286
129,0.35,HIGH_INFORMATION_R3/SEED_04,14,HIGH_INFORMATION_R3,ABSTAIN,2026080134,14,LA1_3_ARA_B1,129,0.34959349593495936,0.0,0.0,,,ABSTAIN,True,BALANCED,0,129,0.34959349593495936,4,9026080134,,14af8ff178dd7c3e6d5ed87ad3b96d3389a64a13c0294642d324c3bd395a0098,,,,0.20874612934582523,0.20874612934582523
184,0.5,HIGH_INFORMATION_R3/SEED_04,21,HIGH_INFORMATION_R3,SECTOR_SAFE,2026080134,20,LA1_3_ARA_B1,184,0.4986449864498645,0.096625267080046,0.096625267080046,,,SECTOR_SAFE,True,BALANCED,1,184,0.4986449864498645,4,9026080134,,14af8ff178dd7c3e6d5ed87ad3b96d3389a64a13c0294642d324c3bd395a0098,,,,0.16167841068147518,0.16167841068147518
276,0.75,HIGH_INFORMATION_R3/SEED_04,28,HIGH_INFORMATION_R3,SECTOR_SAFE,2026080134,26,LA1_3_ARA_B1,236,0.6395663956639567,0.11375144216248048,0.11375144216248048,,,SECTOR_SAFE,False,BALANCED,2,236,0.6395663956639567,4,9026080134,,14af8ff178dd7c3e6d5ed87ad3b96d3389a64a13c0294642d324c3bd395a0098,,,,0.11375144216248048,0.11375144216248048
369,1.0,HIGH_INFORMATION_R3/SEED_04,28,HIGH_INFORMATION_R3,SECTOR_SAFE,2026080134,26,LA1_3_ARA_B1,236,0.6395663956639567,0.11375144216248048,0.11375144216248048,,,SECTOR_SAFE,False,BALANCED,2,236,0.6395663956639567,4,9026080134,,14af8ff178dd7c3e6d5ed87ad3b96d3389a64a13c0294642d324c3bd395a0098,,,,0.11375144216248048,0.11375144216248048
36,0.1,HIGH_INFORMATION_R3/SEED_04,4,HIGH_INFORMATION_R3,ABSTAIN,2026080134,4,LA1_3_ARA_B1,36,0.0975609756097561,0.0,0.0,,,ABSTAIN,False,RESOLUTION_FAVORING,0,36,0.0975609756097561,4,9026080134,,303e26aab5e3c3ef34d377555a04bf3497278655bf6e24dd8af35dd27a6b91ba,,,,0.28464065329141935,0.28464065329141935
73,0.2,HIGH_INFORMATION_R3/SEED_04,8,HIGH_INFORMATION_R3,ABSTAIN,2026080134,8,LA1_3_ARA_B1,73,0.1978319783197832,0.0,0.0,,,ABSTAIN,True,RESOLUTION_FAVORING,0,73,0.1978319783197832,4,9026080134,,303e26aab5e3c3ef34d377555a04bf3497278655bf6e24dd8af35dd27a6b91ba,,,,0.25471579021971286,0.25471579021971286
129,0.35,HIGH_INFORMATION_R3/SEED_04,14,HIGH_INFORMATION_R3,ABSTAIN,2026080134,14,LA1_3_ARA_B1,129,0.34959349593495936,0.0,0.0,,,ABSTAIN,True,RESOLUTION_FAVORING,0,129,0.34959349593495936,4,9026080134,,303e26aab5e3c3ef34d377555a04bf3497278655bf6e24dd8af35dd27a6b91ba,,,,0.20874612934582523,0.20874612934582523
184,0.5,HIGH_INFORMATION_R3/SEED_04,21,HIGH_INFORMATION_R3,ABSTAIN,2026080134,20,LA1_3_ARA_B1,184,0.4986449864498645,0.08853928149363569,0.08853928149363569,,,ABSTAIN,True,RESOLUTION_FAVORING,1,184,0.4986449864498645,4,9026080134,,303e26aab5e3c3ef34d377555a04bf3497278655bf6e24dd8af35dd27a6b91ba,,,,0.16167841068147587,0.16167841068147587
276,0.75,HIGH_INFORMATION_R3/SEED_04,30,HIGH_INFORMATION_R3,SECTOR_SAFE,2026080134,28,LA1_3_ARA_B1,254,0.6883468834688347,0.09762780655946689,0.09762780655946689,,,SECTOR_SAFE,False,RESOLUTION_FAVORING,2,254,0.6883468834688347,4,9026080134,,303e26aab5e3c3ef34d377555a04bf3497278655bf6e24dd8af35dd27a6b91ba,,,,0.09762780655946689,0.09762780655946689
369,1.0,HIGH_INFORMATION_R3/SEED_04,30,HIGH_INFORMATION_R3,SECTOR_SAFE,2026080134,28,LA1_3_ARA_B1,254,0.6883468834688347,0.09762780655946689,0.09762780655946689,,,SECTOR_SAFE,False,RESOLUTION_FAVORING,2,254,0.6883468834688347,4,9026080134,,303e26aab5e3c3ef34d377555a04bf3497278655bf6e24dd8af35dd27a6b91ba,,,,0.09762780655946689,0.09762780655946689
36,0.1,HIGH_INFORMATION_R3/SEED_05,4,HIGH_INFORMATION_R3,AMBIGUOUS,2026080135,3,LA1_3_ARA_B1,28,0.07588075880758807,0.1787635468867879,0.1787635468867879,,,AMBIGUOUS,False,RISK_CONSERVATIVE,1,28,0.07588075880758807,5,9026080135,,eb977ed9dc5d71d5ebabb2d09b1672233895ecb8e6717234b19704cbab938a8a,,,,0.2920225733508343,0.2920225733508343
73,0.2,HIGH_INFORMATION_R3/SEED_05,4,HIGH_INFORMATION_R3,AMBIGUOUS,2026080135,3,LA1_3_ARA_B1,28,0.07588075880758807,0.1787635468867879,0.1787635468867879,,,AMBIGUOUS,False,RISK_CONSERVATIVE,1,28,0.07588075880758807,5,9026080135,,eb977ed9dc5d71d5ebabb2d09b1672233895ecb8e6717234b19704cbab938a8a,,,,0.2920225733508343,0.2920225733508343
129,0.35,HIGH_INFORMATION_R3/SEED_05,4,HIGH_INFORMATION_R3,AMBIGUOUS,2026080135,3,LA1_3_ARA_B1,28,0.07588075880758807,0.1787635468867879,0.1787635468867879,,,AMBIGUOUS,False,RISK_CONSERVATIVE,1,28,0.07588075880758807,5,9026080135,,eb977ed9dc5d71d5ebabb2d09b1672233895ecb8e6717234b19704cbab938a8a,,,,0.2920225733508343,0.2920225733508343
184,0.5,HIGH_INFORMATION_R3/SEED_05,4,HIGH_INFORMATION_R3,AMBIGUOUS,2026080135,3,LA1_3_ARA_B1,28,0.07588075880758807,0.1787635468867879,0.1787635468867879,,,AMBIGUOUS,False,RISK_CONSERVATIVE,1,28,0.07588075880758807,5,9026080135,,eb977ed9dc5d71d5ebabb2d09b1672233895ecb8e6717234b19704cbab938a8a,,,,0.2920225733508343,0.2920225733508343
276,0.75,HIGH_INFORMATION_R3/SEED_05,4,HIGH_INFORMATION_R3,AMBIGUOUS,2026080135,3,LA1_3_ARA_B1,28,0.07588075880758807,0.1787635468867879,0.1787635468867879,,,AMBIGUOUS,False,RISK_CONSERVATIVE,1,28,0.07588075880758807,5,9026080135,,eb977ed9dc5d71d5ebabb2d09b1672233895ecb8e6717234b19704cbab938a8a,,,,0.2920225733508343,0.2920225733508343
369,1.0,HIGH_INFORMATION_R3/SEED_05,4,HIGH_INFORMATION_R3,AMBIGUOUS,2026080135,3,LA1_3_ARA_B1,28,0.07588075880758807,0.1787635468867879,0.1787635468867879,,,AMBIGUOUS,False,RISK_CONSERVATIVE,1,28,0.07588075880758807,5,9026080135,,eb977ed9dc5d71d5ebabb2d09b1672233895ecb8e6717234b19704cbab938a8a,,,,0.2920225733508343,0.2920225733508343
36,0.1,HIGH_INFORMATION_R3/SEED_05,4,HIGH_INFORMATION_R3,ABSTAIN,2026080135,4,LA1_3_ARA_B1,36,0.0975609756097561,0.0,0.0,,,ABSTAIN,False,BALANCED,0,36,0.0975609756097561,5,9026080135,,fbe01e7097e4cf9513c0431bfc42a962c2074e9b7c63e327283b7f2e71987150,,,,0.28464065329141935,0.28464065329141935
73,0.2,HIGH_INFORMATION_R3/SEED_05,9,HIGH_INFORMATION_R3,ABSTAIN,2026080135,8,LA1_3_ARA_B1,73,0.1978319783197832,0.1470901488281907,0.1470901488281907,,,ABSTAIN,False,BALANCED,1,73,0.1978319783197832,5,9026080135,,fbe01e7097e4cf9513c0431bfc42a962c2074e9b7c63e327283b7f2e71987150,,,,0.25471579021971286,0.25471579021971286
129,0.35,HIGH_INFORMATION_R3/SEED_05,15,HIGH_INFORMATION_R3,ABSTAIN,2026080135,14,LA1_3_ARA_B1,129,0.34959349593495936,0.1470901488281907,0.1470901488281907,,,ABSTAIN,True,BALANCED,1,129,0.34959349593495936,5,9026080135,,fbe01e7097e4cf9513c0431bfc42a962c2074e9b7c63e327283b7f2e71987150,,,,0.20874612934582523,0.20874612934582523
184,0.5,HIGH_INFORMATION_R3/SEED_05,20,HIGH_INFORMATION_R3,SECTOR_SAFE,2026080135,18,LA1_3_ARA_B1,164,0.4444444444444444,0.17747517789672565,0.17747517789672565,,,SECTOR_SAFE,False,BALANCED,2,164,0.4444444444444444,5,9026080135,,fbe01e7097e4cf9513c0431bfc42a962c2074e9b7c63e327283b7f2e71987150,,,,0.17747517789672565,0.17747517789672565
276,0.75,HIGH_INFORMATION_R3/SEED_05,20,HIGH_INFORMATION_R3,SECTOR_SAFE,2026080135,18,LA1_3_ARA_B1,164,0.4444444444444444,0.17747517789672565,0.17747517789672565,,,SECTOR_SAFE,False,BALANCED,2,164,0.4444444444444444,5,9026080135,,fbe01e7097e4cf9513c0431bfc42a962c2074e9b7c63e327283b7f2e71987150,,,,0.17747517789672565,0.17747517789672565
369,1.0,HIGH_INFORMATION_R3/SEED_05,20,HIGH_INFORMATION_R3,SECTOR_SAFE,2026080135,18,LA1_3_ARA_B1,164,0.4444444444444444,0.17747517789672565,0.17747517789672565,,,SECTOR_SAFE,False,BALANCED,2,164,0.4444444444444444,5,9026080135,,fbe01e7097e4cf9513c0431bfc42a962c2074e9b7c63e327283b7f2e71987150,,,,0.17747517789672565,0.17747517789672565
36,0.1,HIGH_INFORMATION_R3/SEED_05,4,HIGH_INFORMATION_R3,ABSTAIN,2026080135,4,LA1_3_ARA_B1,36,0.0975609756097561,0.0,0.0,,,ABSTAIN,False,RESOLUTION_FAVORING,0,36,0.0975609756097561,5,9026080135,,a4cc028ec46207e783a3272b96cbdd760d48c827fd576523fe43b80fbf3ead80,,,,0.28464065329141935,0.28464065329141935
73,0.2,HIGH_INFORMATION_R3/SEED_05,8,HIGH_INFORMATION_R3,ABSTAIN,2026080135,8,LA1_3_ARA_B1,73,0.1978319783197832,0.0,0.0,,,ABSTAIN,True,RESOLUTION_FAVORING,0,73,0.1978319783197832,5,9026080135,,a4cc028ec46207e783a3272b96cbdd760d48c827fd576523fe43b80fbf3ead80,,,,0.25471579021971286,0.25471579021971286
129,0.35,HIGH_INFORMATION_R3/SEED_05,15,HIGH_INFORMATION_R3,ABSTAIN,2026080135,14,LA1_3_ARA_B1,129,0.34959349593495936,0.1231023174344099,0.1231023174344099,,,ABSTAIN,True,RESOLUTION_FAVORING,1,129,0.34959349593495936,5,9026080135,,a4cc028ec46207e783a3272b96cbdd760d48c827fd576523fe43b80fbf3ead80,,,,0.20874612934582523,0.20874612934582523
184,0.5,HIGH_INFORMATION_R3/SEED_05,21,HIGH_INFORMATION_R3,ABSTAIN,2026080135,20,LA1_3_ARA_B1,184,0.4986449864498645,0.1231023174344099,0.1231023174344099,,,ABSTAIN,True,RESOLUTION_FAVORING,1,184,0.4986449864498645,5,9026080135,,a4cc028ec46207e783a3272b96cbdd760d48c827fd576523fe43b80fbf3ead80,,,,0.16167841068147518,0.16167841068147518
276,0.75,HIGH_INFORMATION_R3/SEED_05,23,HIGH_INFORMATION_R3,AMBIGUOUS,2026080135,21,LA1_3_ARA_B1,191,0.5176151761517616,0.1537436212646494,0.1537436212646494,,,AMBIGUOUS,False,RESOLUTION_FAVORING,2,191,0.5176151761517616,5,9026080135,,a4cc028ec46207e783a3272b96cbdd760d48c827fd576523fe43b80fbf3ead80,,,,0.1537436212646494,0.1537436212646494
369,1.0,HIGH_INFORMATION_R3/SEED_05,23,HIGH_INFORMATION_R3,AMBIGUOUS,2026080135,21,LA1_3_ARA_B1,191,0.5176151761517616,0.1537436212646494,0.1537436212646494,,,AMBIGUOUS,False,RESOLUTION_FAVORING,2,191,0.5176151761517616,5,9026080135,,a4cc028ec46207e783a3272b96cbdd760d48c827fd576523fe43b80fbf3ead80,,,,0.1537436212646494,0.1537436212646494
36,0.1,HIGH_INFORMATION_R3/SEED_06,4,HIGH_INFORMATION_R3,ABSTAIN,2026080136,4,LA1_3_ARA_B1,36,0.0975609756097561,0.0,0.0,,,ABSTAIN,False,RISK_CONSERVATIVE,0,36,0.0975609756097561,6,9026080136,,c1f47d4b476babb0fe2bd097c0c3cffb3b54d2ecf48c5eb840ff144cea9204a3,,,,0.28464065329141935,0.28464065329141935
73,0.2,HIGH_INFORMATION_R3/SEED_06,8,HIGH_INFORMATION_R3,ABSTAIN,2026080136,8,LA1_3_ARA_B1,73,0.1978319783197832,0.0,0.0,,,ABSTAIN,True,RISK_CONSERVATIVE,0,73,0.1978319783197832,6,9026080136,,c1f47d4b476babb0fe2bd097c0c3cffb3b54d2ecf48c5eb840ff144cea9204a3,,,,0.2547157902197124,0.2547157902197124
129,0.35,HIGH_INFORMATION_R3/SEED_06,14,HIGH_INFORMATION_R3,ABSTAIN,2026080136,14,LA1_3_ARA_B1,129,0.34959349593495936,0.0,0.0,,,ABSTAIN,True,RISK_CONSERVATIVE,0,129,0.34959349593495936,6,9026080136,,c1f47d4b476babb0fe2bd097c0c3cffb3b54d2ecf48c5eb840ff144cea9204a3,,,,0.20874612934582523,0.20874612934582523
184,0.5,HIGH_INFORMATION_R3/SEED_06,21,HIGH_INFORMATION_R3,ABSTAIN,2026080136,20,LA1_3_ARA_B1,184,0.4986449864498645,0.09141778678645433,0.09141778678645433,,,ABSTAIN,True,RISK_CONSERVATIVE,1,184,0.4986449864498645,6,9026080136,,c1f47d4b476babb0fe2bd097c0c3cffb3b54d2ecf48c5eb840ff144cea9204a3,,,,0.16167841068147587,0.16167841068147587
276,0.75,HIGH_INFORMATION_R3/SEED_06,24,HIGH_INFORMATION_R3,SECTOR_SAFE,2026080136,22,LA1_3_ARA_B1,200,0.5420054200542005,0.1457860779294825,0.1457860779294825,,,SECTOR_SAFE,False,RISK_CONSERVATIVE,2,200,0.5420054200542005,6,9026080136,,c1f47d4b476babb0fe2bd097c0c3cffb3b54d2ecf48c5eb840ff144cea9204a3,,,,0.1457860779294825,0.1457860779294825
369,1.0,HIGH_INFORMATION_R3/SEED_06,24,HIGH_INFORMATION_R3,SECTOR_SAFE,2026080136,22,LA1_3_ARA_B1,200,0.5420054200542005,0.1457860779294825,0.1457860779294825,,,SECTOR_SAFE,False,RISK_CONSERVATIVE,2,200,0.5420054200542005,6,9026080136,,c1f47d4b476babb0fe2bd097c0c3cffb3b54d2ecf48c5eb840ff144cea9204a3,,,,0.1457860779294825,0.1457860779294825
36,0.1,HIGH_INFORMATION_R3/SEED_06,4,HIGH_INFORMATION_R3,ABSTAIN,2026080136,4,LA1_3_ARA_B1,36,0.0975609756097561,0.0,0.0,,,ABSTAIN,False,BALANCED,0,36,0.0975609756097561,6,9026080136,,ad0793874028429d6653dce286da70635d9bb7905a91963628809134a31d327f,,,,0.28464065329141935,0.28464065329141935
73,0.2,HIGH_INFORMATION_R3/SEED_06,8,HIGH_INFORMATION_R3,ABSTAIN,2026080136,8,LA1_3_ARA_B1,73,0.1978319783197832,0.0,0.0,,,ABSTAIN,True,BALANCED,0,73,0.1978319783197832,6,9026080136,,ad0793874028429d6653dce286da70635d9bb7905a91963628809134a31d327f,,,,0.2547157902197124,0.2547157902197124
129,0.35,HIGH_INFORMATION_R3/SEED_06,14,HIGH_INFORMATION_R3,ABSTAIN,2026080136,14,LA1_3_ARA_B1,129,0.34959349593495936,0.0,0.0,,,ABSTAIN,True,BALANCED,0,129,0.34959349593495936,6,9026080136,,ad0793874028429d6653dce286da70635d9bb7905a91963628809134a31d327f,,,,0.20874612934582523,0.20874612934582523
184,0.5,HIGH_INFORMATION_R3/SEED_06,21,HIGH_INFORMATION_R3,SECTOR_SAFE,2026080136,20,LA1_3_ARA_B1,184,0.4986449864498645,0.08332314592012373,0.08332314592012373,,,SECTOR_SAFE,True,BALANCED,1,184,0.4986449864498645,6,9026080136,,ad0793874028429d6653dce286da70635d9bb7905a91963628809134a31d327f,,,,0.16167841068147518,0.16167841068147518
276,0.75,HIGH_INFORMATION_R3/SEED_06,26,HIGH_INFORMATION_R3,SECTOR_SAFE,2026080136,24,LA1_3_ARA_B1,218,0.5907859078590786,0.12980732947049636,0.12980732947049636,,,SECTOR_SAFE,False,BALANCED,2,218,0.5907859078590786,6,9026080136,,ad0793874028429d6653dce286da70635d9bb7905a91963628809134a31d327f,,,,0.12980732947049636,0.12980732947049636
369,1.0,HIGH_INFORMATION_R3/SEED_06,26,HIGH_INFORMATION_R3,SECTOR_SAFE,2026080136,24,LA1_3_ARA_B1,218,0.5907859078590786,0.12980732947049636,0.12980732947049636,,,SECTOR_SAFE,False,BALANCED,2,218,0.5907859078590786,6,9026080136,,ad0793874028429d6653dce286da70635d9bb7905a91963628809134a31d327f,,,,0.12980732947049636,0.12980732947049636
36,0.1,HIGH_INFORMATION_R3/SEED_06,4,HIGH_INFORMATION_R3,ABSTAIN,2026080136,4,LA1_3_ARA_B1,36,0.0975609756097561,0.0,0.0,,,ABSTAIN,False,RESOLUTION_FAVORING,0,36,0.0975609756097561,6,9026080136,,a0a4a7aa1f52a000922e6458eb29f709a7aadd3baa81d90db2476b3b1e697f72,,,,0.28464065329141935,0.28464065329141935
73,0.2,HIGH_INFORMATION_R3/SEED_06,8,HIGH_INFORMATION_R3,ABSTAIN,2026080136,8,LA1_3_ARA_B1,73,0.1978319783197832,0.0,0.0,,,ABSTAIN,True,RESOLUTION_FAVORING,0,73,0.1978319783197832,6,9026080136,,a0a4a7aa1f52a000922e6458eb29f709a7aadd3baa81d90db2476b3b1e697f72,,,,0.2547157902197124,0.2547157902197124
129,0.35,HIGH_INFORMATION_R3/SEED_06,14,HIGH_INFORMATION_R3,ABSTAIN,2026080136,14,LA1_3_ARA_B1,129,0.34959349593495936,0.0,0.0,,,ABSTAIN,True,RESOLUTION_FAVORING,0,129,0.34959349593495936,6,9026080136,,a0a4a7aa1f52a000922e6458eb29f709a7aadd3baa81d90db2476b3b1e697f72,,,,0.20874612934582523,0.20874612934582523
184,0.5,HIGH_INFORMATION_R3/SEED_06,20,HIGH_INFORMATION_R3,ABSTAIN,2026080136,20,LA1_3_ARA_B1,184,0.4986449864498645,0.0,0.0,,,ABSTAIN,True,RESOLUTION_FAVORING,0,184,0.4986449864498645,6,9026080136,,a0a4a7aa1f52a000922e6458eb29f709a7aadd3baa81d90db2476b3b1e697f72,,,,0.16167841068147518,0.16167841068147518
276,0.75,HIGH_INFORMATION_R3/SEED_06,28,HIGH_INFORMATION_R3,SECTOR_SAFE,2026080136,26,LA1_3_ARA_B1,236,0.6395663956639567,0.11375144216247951,0.11375144216247951,,,SECTOR_SAFE,False,RESOLUTION_FAVORING,2,236,0.6395663956639567,6,9026080136,,a0a4a7aa1f52a000922e6458eb29f709a7aadd3baa81d90db2476b3b1e697f72,,,,0.11375144216247951,0.11375144216247951
369,1.0,HIGH_INFORMATION_R3/SEED_06,28,HIGH_INFORMATION_R3,SECTOR_SAFE,2026080136,26,LA1_3_ARA_B1,236,0.6395663956639567,0.11375144216247951,0.11375144216247951,,,SECTOR_SAFE,False,RESOLUTION_FAVORING,2,236,0.6395663956639567,6,9026080136,,a0a4a7aa1f52a000922e6458eb29f709a7aadd3baa81d90db2476b3b1e697f72,,,,0.11375144216247951,0.11375144216247951
